,rewards
0,-12.8125
1,-10.3125
2,-2.5
3,-2.5
4,-5.3125
5,-12.8125
6,-6.25
7,-6.5625
8,-7.5
9,-1.875
10,-1.5625
11,-7.812500000000001
12,-9.0625
13,-12.5
14,-3.75
15,-9.375
16,-9.0625
17,-6.875
18,-4.0625
19,-7.1875
20,-4.375
21,-2.1875
22,-9.0625
23,-3.125
24,-9.0625
25,-8.4375
26,-4.6875
27,-5.0
28,-4.375
29,-6.875
30,-1.25
31,-5.3125
32,-12.5
33,-4.6875
34,-11.5625
35,-1.875
36,-2.8125
37,-7.812500000000001
38,-4.6875
39,-0.0
40,-6.25
41,-7.1875
42,-1.875
43,-4.6875
44,-3.75
45,-2.8125
46,-0.9375
47,-7.812500000000001
48,-7.1875
49,-6.25
50,-6.875
51,-5.0
52,-8.75
53,-12.1875
54,-3.4375
55,-5.9375
56,-6.25
57,-0.0
58,-5.0
59,-8.125
60,-7.812500000000001
61,-3.125
62,-6.875
63,-4.0625
64,-3.4375
65,-7.5
66,-2.1875
67,-7.1875
68,-3.125
69,-2.1875
70,-8.125
71,-0.9375
72,-5.3125
73,-7.1875
74,-6.875
75,-5.3125
76,-8.75
77,-5.9375
78,-4.375
79,-4.375
80,-5.3125
81,-6.875
82,-1.875
83,-0.0
84,-8.125
85,-2.8125
86,-2.5
87,-0.0
88,-1.5625
89,-0.0
90,-11.5625
91,-2.5
92,-4.375
93,-12.5
94,-11.5625
95,-3.125
96,-3.125
97,-10.0
98,-1.875
99,-1.875
100,-0.0
101,-2.8125
102,-7.812500000000001
103,-9.0625
104,-4.6875
105,-7.812500000000001
106,-0.9375
107,-5.0
108,-7.1875
109,-8.75
110,-4.375
111,-2.5
112,-1.875
113,-12.8125
114,-3.125
115,-12.8125
116,-3.4375
117,-12.5
118,-0.0
119,-6.25
120,-0.9375
121,-2.8125
122,-6.5625
123,-8.125
124,-12.5
125,-7.1875
126,-4.6875
127,-12.1875
128,-3.75
129,-7.812500000000001
130,-3.4375
131,-6.5625
132,-5.0
133,-2.8125
134,-5.3125
135,-11.875
136,-5.0
137,-1.875
138,-3.75
139,-6.25
140,-3.125
141,-12.8125
142,-5.0
143,-11.875
144,-6.875
145,-2.1875
146,-0.9375
147,-4.375
148,-3.4375
149,-9.0625
150,-0.0
151,-3.4375
152,-4.0625
153,-0.0
154,-11.875
155,-6.5625
156,-5.3125
157,-1.875
158,-5.0
159,-2.8125
160,-8.75
161,-9.0625
162,-8.125
163,-5.9375
164,-0.625
165,-0.0
166,-6.25
167,-4.0625
168,-2.5
169,-5.3125
170,-5.3125
171,-4.0625
172,-8.4375
173,-3.125
174,-5.0
175,-0.9375
176,-8.75
177,-3.125
178,-4.6875
179,-11.5625
180,-4.375
181,-7.5
182,-0.0
183,-4.0625
184,-0.0
185,-8.4375
186,-1.875
187,-3.125
188,-6.25
189,-3.75
190,-3.125
191,-1.25
192,-0.0
193,-7.1875
194,-11.25
195,-5.625
196,-2.8125
197,-2.5
198,-9.0625
199,-3.125
200,-10.0
201,-6.5625
202,-1.5625
203,-0.0
204,-7.1875
205,-3.4375
206,-2.1875
207,-7.1875
208,-4.375
209,-0.0
210,-5.3125
211,-0.3125
212,-4.6875
213,-2.1875
214,-4.0625
215,-7.1875
216,-10.0
217,-3.75
218,-3.75
219,-3.125
220,-11.25
221,-0.0
222,-5.3125
223,-7.1875
224,-4.0625
225,-8.75
226,-0.0
227,-3.125
228,-12.8125
229,-2.5
230,-6.25
231,-12.5
232,-3.4375
233,-4.6875
234,-9.0625
235,-3.125
236,-0.0
237,-2.1875
238,-9.0625
239,-2.1875
240,-2.5
241,-7.1875
242,-2.8125
243,-7.1875
244,-0.0
245,-0.0
246,-2.5
247,-0.3125
248,-4.0625
249,-2.8125
250,-6.5625
251,-6.875
252,-4.6875
253,-6.25
254,-2.5
255,-1.25
256,-0.0
257,-2.1875
258,-4.375
259,-9.0625
260,-3.75
261,-3.75
262,-7.1875
263,-0.0
264,-1.875
265,-7.1875
266,-7.1875
267,-3.125
268,-9.0625
269,-1.25
270,-0.0
271,-0.0
272,-1.875
273,-1.875
274,-3.75
275,-5.625
276,-6.875
277,-5.0
278,-0.0
279,-2.8125
280,-5.0
281,-0.0
282,-8.75
283,-3.4375
284,-5.0
285,-5.0
286,-5.625
287,-1.875
288,-6.5625
289,-11.5625
290,-6.5625
291,-2.5
292,-4.0625
293,-0.0
294,-4.375
295,-8.125
296,-12.5
297,-0.9375
298,-3.4375
299,-0.0
300,-5.9375
301,-5.9375
302,-4.0625
303,-3.4375
304,-5.0
305,-6.25
306,-3.4375
307,-5.0
308,-2.1875
309,-2.8125
310,-8.125
311,-7.812500000000001
312,-9.0625
313,-7.1875
314,-4.375
315,-3.125
316,-2.5
317,-5.0
318,-7.5
319,-2.1875
320,-0.625
321,-2.8125
322,-0.0
323,-11.5625
324,-0.0
325,-0.3125
326,-11.5625
327,-3.4375
328,-11.5625
329,-0.9375
330,-0.0
331,-10.625
332,-2.5
333,-5.3125
334,-0.0
335,-6.25
336,-1.5625
337,-7.5
338,-3.125
339,-4.0625
340,-0.3125
341,-4.375
342,-6.875
343,-5.0
344,-6.25
345,-0.3125
346,-5.0
347,-3.125
348,-2.8125
349,-4.0625
350,-11.875
351,-8.125
352,-3.125
353,-0.9375
354,-0.0
355,-9.0625
356,-11.5625
357,-3.125
358,-2.1875
359,-3.4375
360,-4.6875
361,-1.25
362,-5.0
363,-6.25
364,-7.812500000000001
365,-5.625
366,-1.5625
367,-0.9375
368,-6.25
369,-3.125
370,-2.8125
371,-3.4375
372,-7.812500000000001
373,-2.8125
374,-4.6875
375,-0.625
376,-2.5
377,-3.4375
378,-6.875
379,-12.1875
380,-6.25
381,-2.8125
382,-1.5625
383,-6.875
384,-5.3125
385,-2.8125
386,-10.0
387,-3.125
388,-3.4375
389,-2.5
390,-3.125
391,-5.3125
392,-6.875
393,-5.0
394,-1.875
395,-4.6875
396,-4.0625
397,-7.1875
398,-3.75
399,-4.6875
400,-2.1875
401,-12.1875
402,-2.5
403,-0.0
404,-4.0625
405,-6.875
406,-5.3125
407,-5.0
408,-12.5
409,-5.0
410,-1.25
411,-5.3125
412,-5.0
413,-11.5625
414,-3.75
415,-1.875
416,-6.875
417,-0.9375
418,-2.1875
419,-9.0625
420,-4.0625
421,-2.5
422,-0.0
423,-4.375
424,-9.375
425,-3.125
426,-3.75
427,-3.125
428,-9.6875
429,-3.4375
430,-2.5
431,-2.5
432,-2.5
433,-7.1875
434,-2.5
435,-5.3125
436,-2.1875
437,-5.625
438,-10.3125
439,-0.0
440,-7.812500000000001
441,-3.125
442,-2.8125
443,-0.0
444,-3.75
445,-2.1875
446,-9.375
447,-0.0
448,-11.25
449,-3.125
450,-6.875
451,-7.1875
452,-0.0
453,-3.75
454,-2.1875
455,-5.0
456,-7.812500000000001
457,-7.1875
458,-3.4375
459,-0.0
460,-4.0625
461,-8.75
462,-5.625
463,-2.8125
464,-0.0
465,-7.1875
466,-11.5625
467,-3.75
468,-8.75
469,-5.0
470,-1.5625
471,-5.0
472,-12.8125
473,-6.5625
474,-0.0
475,-2.1875
476,-10.625
477,-5.625
478,-2.8125
479,-7.1875
480,-2.1875
481,-7.1875
482,-2.5
483,-5.9375
484,-0.0
485,-6.25
486,-4.0625
487,-6.875
488,-1.875
489,-12.8125
490,-5.625
491,-2.8125
492,-0.0
493,-5.0
494,-7.5
495,-5.3125
496,-6.875
497,-4.0625
498,-5.9375
499,-3.4375
500,-0.3125
501,-5.625
502,-8.75
503,-5.0
504,-4.375
505,-4.0625
506,-7.1875
507,-2.1875
508,-1.5625
509,-3.125
510,-6.875
511,-0.0
512,-4.6875
513,-7.5
514,-0.0
515,-3.4375
516,-0.0
517,-8.4375
518,-5.9375
519,-4.375
520,-2.8125
521,-5.0
522,-5.625
523,-3.125
524,-7.5
525,-7.812500000000001
526,-3.4375
527,-2.5
528,-2.5
529,-7.1875
530,-12.8125
531,-12.5
532,-0.0
533,-2.1875
534,-0.0
535,-8.75
536,-6.5625
537,-5.9375
538,-0.0
539,-0.0
540,-6.25
541,-10.3125
542,-12.8125
543,-4.6875
544,-5.3125
545,-0.0
546,-4.6875
547,-0.0
548,-0.0
549,-4.375
550,-0.0
551,-6.25
552,-9.0625
553,-0.0
554,-1.25
555,-5.625
556,-7.812500000000001
557,-4.0625
558,-1.875
559,-6.25
560,-4.6875
561,-7.812500000000001
562,-5.3125
563,-11.875
564,-3.125
565,-6.25
566,-3.75
567,-0.0
568,-5.0
569,-12.1875
570,-2.8125
571,-0.0
572,-6.25
573,-5.625
574,-0.625
575,-12.5
576,-0.0
577,-0.0
578,-0.9375
579,-11.875
580,-8.75
581,-6.875
582,-3.75
583,-3.4375
584,-3.125
585,-2.8125
586,-6.875
587,-2.8125
588,-5.0
589,-0.0
590,-5.9375
591,-5.0
592,-7.5
593,-8.125
594,-2.5
595,-6.25
596,-9.0625
597,-1.875
598,-6.25
599,-4.0625
600,-5.9375
601,-3.4375
602,-0.0
603,-5.625
604,-7.1875
605,-7.1875
606,-12.1875
607,-3.75
608,-3.125
609,-4.0625
610,-4.0625
611,-10.9375
612,-7.1875
613,-2.8125
614,-3.125
615,-11.5625
616,-3.125
617,-8.125
618,-3.125
619,-0.0
620,-12.5
621,-2.1875
622,-1.25
623,-2.8125
624,-12.1875
625,-10.625
626,-4.0625
627,-1.5625
628,-2.8125
629,-7.1875
630,-7.1875
631,-2.8125
632,-0.0
633,-0.0
634,-8.125
635,-2.8125
636,-8.4375
637,-3.75
638,-2.5
639,-4.0625
640,-8.4375
641,-10.625
642,-12.1875
643,-0.0
644,-4.0625
645,-8.125
646,-7.1875
647,-9.0625
648,-3.4375
649,-4.375
650,-9.0625
651,-1.875
652,-4.375
653,-7.1875
654,-2.1875
655,-6.25
656,-5.625
657,-7.5
658,-6.25
659,-3.4375
660,-11.25
661,-8.75
662,-8.125
663,-1.5625
664,-3.75
665,-0.0
666,-5.9375
667,-10.9375
668,-5.9375
669,-4.375
670,-11.25
671,-11.25
672,-2.5
673,-0.0
674,-8.4375
675,-11.5625
676,-7.1875
677,-0.0
678,-0.0
679,-0.0
680,-5.0
681,-11.5625
682,-4.6875
683,-2.5
684,-4.0625
685,-7.1875
686,-3.75
687,-11.5625
688,-3.75
689,-0.0
690,-11.5625
691,-11.5625
692,-0.0
693,-6.875
694,-2.1875
695,-6.5625
696,-6.875
697,-11.5625
698,-0.0
699,-9.0625
700,-2.1875
701,-3.125
702,-12.5
703,-7.812500000000001
704,-0.0
705,-4.0625
706,-1.875
707,-4.375
708,-7.812500000000001
709,-0.9375
710,-4.6875
711,-6.875
712,-8.4375
713,-7.1875
714,-6.25
715,-2.1875
716,-0.9375
717,-0.0
718,-5.0
719,-6.875
720,-2.5
721,-5.0
722,-6.875
723,-7.5
724,-0.0
725,-6.875
726,-8.125
727,-6.875
728,-0.0
729,-0.0
730,-6.875
731,-11.5625
732,-0.625
733,-2.5
734,-1.5625
735,-5.0
736,-7.5
737,-12.1875
738,-0.0
739,-4.0625
740,-2.1875
741,-12.5
742,-6.25
743,-6.25
744,-0.0
745,-1.875
746,-0.0
747,-7.1875
748,-7.5
749,-5.625
750,-10.0
751,-1.5625
752,-3.125
753,-9.0625
754,-4.6875
755,-0.0
756,-0.3125
757,-5.0
758,-5.0
759,-8.75
760,-9.0625
761,-12.8125
762,-3.125
763,-11.5625
764,-3.4375
765,-3.4375
766,-4.6875
767,-5.9375
768,-5.625
769,-4.375
770,-8.125
771,-5.0
772,-3.4375
773,-6.25
774,-8.75
775,-3.4375
776,-8.75
777,-5.0
778,-3.75
779,-11.25
780,-4.0625
781,-0.0
782,-7.1875
783,-0.9375
784,-11.5625
785,-6.875
786,-3.75
787,-3.75
788,-6.25
789,-0.0
790,-4.0625
791,-7.812500000000001
792,-11.5625
793,-3.75
794,-4.6875
795,-8.125
796,-4.375
797,-5.0
798,-5.625
799,-11.5625
800,-0.0
801,-5.0
802,-12.1875
803,-0.9375
804,-6.875
805,-2.8125
806,-9.0625
807,-6.25
808,-2.5
809,-12.5
810,-1.25
811,-9.0625
812,-3.4375
813,-2.8125
814,-11.5625
815,-8.4375
816,-2.1875
817,-5.625
818,-3.75
819,-6.25
820,-7.812500000000001
821,-1.25
822,-0.0
823,-11.5625
824,-7.5
825,-6.25
826,-0.0
827,-3.4375
828,-0.9375
829,-10.3125
830,-0.0
831,-4.0625
832,-5.625
833,-9.0625
834,-5.625
835,-12.1875
836,-0.0
837,-8.4375
838,-1.5625
839,-11.5625
840,-0.0
841,-4.0625
842,-7.1875
843,-4.6875
844,-1.25
845,-12.5
846,-12.1875
847,-6.5625
848,-4.6875
849,-3.125
850,-4.0625
851,-1.5625
852,-0.0
853,-5.3125
854,-4.0625
855,-5.3125
856,-0.0
857,-6.5625
858,-8.4375
859,-3.75
860,-1.5625
861,-5.0
862,-2.8125
863,-2.8125
864,-5.0
865,-7.812500000000001
866,-3.4375
867,-4.0625
868,-2.1875
869,-2.5
870,-5.3125
871,-4.6875
872,-12.1875
873,-7.812500000000001
874,-9.0625
875,-0.0
876,-0.0
877,-1.5625
878,-2.5
879,-3.75
880,-5.0
881,-2.5
882,-5.0
883,-5.625
884,-0.0
885,-4.6875
886,-0.0
887,-0.0
888,-4.6875
889,-6.25
890,-2.1875
891,-5.0
892,-5.3125
893,-10.3125
894,-0.0
895,-7.1875
896,-0.0
897,-2.8125
898,-6.25
899,-0.3125
900,-1.875
901,-11.5625
902,-11.875
903,-3.4375
904,-1.875
905,-2.8125
906,-0.0
907,-8.125
908,-12.5
909,-3.125
910,-7.1875
911,-0.0
912,-12.5
913,-1.25
914,-0.0
915,-4.0625
916,-0.0
917,-12.1875
918,-0.0
919,-6.875
920,-0.0
921,-6.875
922,-3.4375
923,-12.8125
924,-3.4375
925,-6.875
926,-0.0
927,-0.625
928,-0.0
929,-0.9375
930,-5.9375
931,-4.0625
932,-2.1875
933,-0.0
934,-12.1875
935,-9.375
936,-3.75
937,-2.1875
938,-6.25
939,-0.625
940,-0.0
941,-5.0
942,-0.3125
943,-0.0
944,-0.0
945,-0.0
946,-9.0625
947,-7.5
948,-2.1875
949,-0.0
950,-2.5
951,-2.5
952,-5.9375
953,-7.5
954,-0.0
955,-10.3125
956,-1.875
957,-5.0
958,-3.125
959,-0.9375
960,-6.875
961,-4.375
962,-3.125
963,-9.0625
964,-3.125
965,-5.9375
966,-2.5
967,-4.6875
968,-6.25
969,-0.0
970,-2.8125
971,-10.3125
972,-6.875
973,-6.25
974,-0.0
975,-2.5
976,-1.875
977,-12.5
978,-6.875
979,-0.0
980,-0.9375
981,-0.625
982,-8.4375
983,-2.8125
984,-0.0
985,-0.0
986,-0.9375
987,-7.1875
988,-0.0
989,-4.375
990,-0.0
991,-6.875
992,-8.125
993,-12.1875
994,-3.4375
995,-0.0
996,-5.625
997,-0.0
998,-12.8125
999,-2.8125
1000,-8.75
1001,-0.0
1002,-1.875
1003,-12.5
1004,-7.1875
1005,-1.5625
1006,-6.875
1007,-6.875
1008,-3.75
1009,-3.4375
1010,-0.0
1011,-4.6875
1012,-5.9375
1013,-7.812500000000001
1014,-4.6875
1015,-3.4375
1016,-5.3125
1017,-1.875
1018,-5.0
1019,-8.75
1020,-1.875
1021,-8.125
1022,-2.5
1023,-5.9375
1024,-7.5
1025,-5.0
1026,-0.0
1027,-2.8125
1028,-2.5
1029,-4.0625
1030,-5.9375
1031,-6.875
1032,-5.3125
1033,-2.5
1034,-4.0625
1035,-4.375
1036,-4.0625
1037,-2.1875
1038,-9.375
1039,-0.3125
1040,-0.0
1041,-6.875
1042,-3.75
1043,-0.0
1044,-3.4375
1045,-7.1875
1046,-9.0625
1047,-3.125
1048,-1.5625
1049,-2.8125
1050,-3.75
1051,-5.625
1052,-6.875
1053,-3.75
1054,-5.3125
1055,-2.8125
1056,-3.4375
1057,-2.5
1058,-5.9375
1059,-1.875
1060,-2.1875
1061,-5.3125
1062,-5.0
1063,-1.875
1064,-4.6875
1065,-4.0625
1066,-6.875
1067,-9.0625
1068,-6.5625
1069,-5.3125
1070,-3.75
1071,-4.375
1072,-3.4375
1073,-5.3125
1074,-5.625
1075,-0.0
1076,-0.9375
1077,-11.5625
1078,-0.0
1079,-0.0
1080,-0.9375
1081,-11.875
1082,-12.5
1083,-0.0
1084,-2.1875
1085,-4.375
1086,-11.875
1087,-5.0
1088,-4.0625
1089,-6.25
1090,-0.0
1091,-7.5
1092,-2.1875
1093,-0.0
1094,-10.0
1095,-3.75
1096,-8.4375
1097,-4.375
1098,-0.0
1099,-0.3125
1100,-3.75
1101,-2.8125
1102,-4.375
1103,-3.4375
1104,-2.8125
1105,-4.375
1106,-5.0
1107,-4.375
1108,-4.0625
1109,-0.625
1110,-2.8125
1111,-12.5
1112,-7.812500000000001
1113,-0.9375
1114,-3.4375
1115,-7.5
1116,-10.3125
1117,-2.8125
1118,-2.8125
1119,-9.0625
1120,-0.0
1121,-6.875
1122,-12.1875
1123,-1.875
1124,-6.875
1125,-3.4375
1126,-6.875
1127,-4.0625
1128,-6.5625
1129,-2.5
1130,-2.5
1131,-5.9375
1132,-3.125
1133,-5.9375
1134,-9.0625
1135,-2.1875
1136,-0.0
1137,-7.5
1138,-2.8125
1139,-4.0625
1140,-7.5
1141,-5.0
1142,-1.875
1143,-4.6875
1144,-1.5625
1145,-6.25
1146,-0.0
1147,-7.812500000000001
1148,-5.9375
1149,-3.125
1150,-11.5625
1151,-4.0625
1152,-3.4375
1153,-10.3125
1154,-2.5
1155,-2.5
1156,-4.6875
1157,-5.0
1158,-3.125
1159,-4.0625
1160,-4.0625
1161,-6.875
1162,-2.5
1163,-4.6875
1164,-5.9375
1165,-2.8125
1166,-8.125
1167,-0.0
1168,-6.25
1169,-2.5
1170,-9.0625
1171,-2.5
1172,-4.6875
1173,-0.0
1174,-4.0625
1175,-3.4375
1176,-4.375
1177,-6.875
1178,-7.1875
1179,-4.0625
1180,-0.0
1181,-8.125
1182,-9.375
1183,-2.8125
1184,-2.8125
1185,-2.5
1186,-2.8125
1187,-6.25
1188,-2.5
1189,-2.8125
1190,-2.8125
1191,-1.875
1192,-3.75
1193,-7.1875
1194,-11.25
1195,-5.3125
1196,-4.6875
1197,-1.25
1198,-5.3125
1199,-4.375
1200,-11.25
1201,-3.75
1202,-3.4375
1203,-7.1875
1204,-2.8125
1205,-6.5625
1206,-6.5625
1207,-6.25
1208,-5.3125
1209,-1.875
1210,-1.5625
1211,-1.5625
1212,-1.5625
1213,-2.8125
1214,-0.0
1215,-8.75
1216,-9.0625
1217,-3.4375
1218,-1.875
1219,-6.25
1220,-5.3125
1221,-3.75
1222,-6.25
1223,-7.812500000000001
1224,-9.0625
1225,-2.8125
1226,-9.0625
1227,-4.0625
1228,-6.875
1229,-5.9375
1230,-2.5
1231,-2.5
1232,-11.5625
1233,-6.875
1234,-1.25
1235,-3.125
1236,-4.0625
1237,-12.1875
1238,-10.3125
1239,-0.9375
1240,-2.5
1241,-4.0625
1242,-12.5
1243,-3.4375
1244,-2.8125
1245,-2.8125
1246,-5.9375
1247,-6.875
1248,-6.875
1249,-8.125
1250,-5.3125
1251,-4.0625
1252,-4.6875
1253,-9.0625
1254,-1.5625
1255,-6.5625
1256,-11.5625
1257,-6.25
1258,-12.5
1259,-3.125
1260,-0.3125
1261,-9.0625
1262,-3.4375
1263,-5.3125
1264,-5.9375
1265,-10.0
1266,-2.5
1267,-6.25
1268,-0.625
1269,-5.0
1270,-12.8125
1271,-2.1875
1272,-11.25
1273,-3.75
1274,-7.812500000000001
1275,-8.4375
1276,-2.8125
1277,-5.0
1278,-5.3125
1279,-9.0625
1280,-3.75
1281,-3.4375
1282,-5.9375
1283,-0.3125
1284,-5.0
1285,-1.875
1286,-3.75
1287,-8.4375
1288,-8.75
1289,-0.3125
1290,-5.0
1291,-9.0625
1292,-7.1875
1293,-5.625
1294,-4.0625
1295,-7.1875
1296,-5.0
1297,-6.5625
1298,-11.5625
1299,-4.0625
1300,-6.25
1301,-6.25
1302,-1.875
1303,-5.0
1304,-2.8125
1305,-6.25
1306,-7.1875
1307,-6.875
1308,-3.125
1309,-4.375
1310,-2.8125
1311,-7.1875
1312,-2.8125
1313,-3.4375
1314,-7.812500000000001
1315,-6.25
1316,-11.5625
1317,-3.75
1318,-12.5
1319,-4.0625
1320,-12.1875
1321,-2.8125
1322,-6.875
1323,-2.8125
1324,-4.0625
1325,-6.5625
1326,-2.5
1327,-10.9375
1328,-10.9375
1329,-6.875
1330,-1.875
1331,-3.75
1332,-2.5
1333,-3.75
1334,-6.875
1335,-7.5
1336,-4.6875
1337,-7.812500000000001
1338,-6.5625
1339,-7.1875
1340,-5.3125
1341,-6.875
1342,-5.9375
1343,-8.75
1344,-6.875
1345,-5.0
1346,-12.8125
1347,-0.625
1348,-6.25
1349,-10.625
1350,-3.75
1351,-10.9375
1352,-2.5
1353,-8.75
1354,-1.5625
1355,-7.1875
1356,-3.75
1357,-7.5
1358,-7.1875
1359,-6.875
1360,-4.0625
1361,-0.3125
1362,-8.75
1363,-7.812500000000001
1364,-7.1875
1365,-9.375
1366,-1.875
1367,-8.4375
1368,-6.25
1369,-4.375
1370,-12.5
1371,-6.875
1372,-8.75
1373,-4.375
1374,-6.875
1375,-1.875
1376,-10.0
1377,-2.8125
1378,-7.812500000000001
1379,-7.1875
1380,-1.875
1381,-7.1875
1382,-5.9375
1383,-2.5
1384,-4.0625
1385,-10.625
1386,-9.0625
1387,-6.25
1388,-0.9375
1389,-7.1875
1390,-12.1875
1391,-3.125
1392,-2.5
1393,-3.75
1394,-10.0
1395,-5.9375
1396,-5.0
1397,-7.812500000000001
1398,-7.812500000000001
1399,-6.5625
1400,-11.25
1401,-11.25
1402,-4.0625
1403,-2.5
1404,-4.375
1405,-9.6875
1406,-11.25
1407,-7.812500000000001
1408,-4.6875
1409,-3.4375
1410,-1.5625
1411,-0.625
1412,-12.8125
1413,-6.875
1414,-0.0
1415,-2.5
1416,-8.75
1417,-3.75
1418,-6.25
1419,-11.25
1420,-5.9375
1421,-0.0
1422,-5.9375
1423,-8.4375
1424,-3.4375
1425,-12.5
1426,-5.3125
1427,-3.75
1428,-2.5
1429,-0.0
1430,-5.9375
1431,-3.75
1432,-4.375
1433,-3.4375
1434,-7.1875
1435,-1.5625
1436,-8.4375
1437,-3.75
1438,-3.125
1439,-1.875
1440,-4.6875
1441,-10.625
1442,-5.0
1443,-11.5625
1444,-0.0
1445,-1.875
1446,-4.6875
1447,-9.0625
1448,-3.4375
1449,-5.0
1450,-5.3125
1451,-1.25
1452,-5.0
1453,-0.0
1454,-3.4375
1455,-1.875
1456,-6.875
1457,-4.0625
1458,-4.375
1459,-9.0625
1460,-5.0
1461,-0.0
1462,-0.0
1463,-7.5
1464,-6.25
1465,-2.5
1466,-2.1875
1467,-0.9375
1468,-6.875
1469,-2.1875
1470,-5.9375
1471,-4.6875
1472,-5.0
1473,-2.8125
1474,-3.75
1475,-1.875
1476,-8.4375
1477,-4.375
1478,-4.0625
1479,-3.125
1480,-2.8125
1481,-1.875
1482,-5.9375
1483,-4.6875
1484,-5.3125
1485,-0.0
1486,-2.1875
1487,-5.3125
1488,-7.812500000000001
1489,-3.75
1490,-0.0
1491,-3.4375
1492,-3.125
1493,-4.6875
1494,-6.875
1495,-5.625
1496,-6.5625
1497,-9.0625
1498,-4.375
1499,-2.8125
1500,-7.5
1501,-1.875
1502,-3.125
1503,-5.625
1504,-0.9375
1505,-11.25
1506,-5.3125
1507,-7.5
1508,-0.0
1509,-0.0
1510,-3.75
1511,-8.4375
1512,-7.812500000000001
1513,-7.812500000000001
1514,-5.3125
1515,-1.875
1516,-8.75
1517,-5.0
1518,-4.0625
1519,-8.75
1520,-1.5625
1521,-4.375
1522,-2.5
1523,-3.4375
1524,-3.125
1525,-4.375
1526,-3.75
1527,-2.8125
1528,-4.375
1529,-0.0
1530,-6.875
1531,-6.5625
1532,-1.5625
1533,-2.5
1534,-4.6875
1535,-9.0625
1536,-5.0
1537,-5.9375
1538,-5.9375
1539,-6.25
1540,-0.0
1541,-6.5625
1542,-0.625
1543,-8.125
1544,-4.375
1545,-3.4375
1546,-2.8125
1547,-3.75
1548,-2.8125
1549,-7.5
1550,-7.1875
1551,-4.375
1552,-2.8125
1553,-3.125
1554,-5.0
1555,-4.6875
1556,-9.0625
1557,-4.0625
1558,-0.0
1559,-7.812500000000001
1560,-3.125
1561,-5.625
1562,-9.0625
1563,-9.0625
1564,-0.0
1565,-0.0
1566,-6.875
1567,-2.5
1568,-3.125
1569,-9.375
1570,-0.0
1571,-3.125
1572,-5.0
1573,-4.0625
1574,-7.1875
1575,-3.125
1576,-9.0625
1577,-2.5
1578,-3.125
1579,-6.875
1580,-1.5625
1581,-5.0
1582,-6.5625
1583,-12.5
1584,-5.625
1585,-5.3125
1586,-3.75
1587,-6.25
1588,-3.125
1589,-3.75
1590,-8.125
1591,-2.8125
1592,-5.0
1593,-1.875
1594,-5.3125
1595,-2.8125
1596,-5.0
1597,-3.125
1598,-5.0
1599,-5.9375
1600,-3.4375
1601,-1.5625
1602,-4.0625
1603,-11.25
1604,-2.1875
1605,-4.0625
1606,-4.6875
1607,-1.25
1608,-9.0625
1609,-4.0625
1610,-0.3125
1611,-0.0
1612,-2.5
1613,-4.6875
1614,-3.75
1615,-6.5625
1616,-2.8125
1617,-2.5
1618,-3.4375
1619,-8.75
1620,-2.5
1621,-5.625
1622,-3.75
1623,-3.125
1624,-0.3125
1625,-4.6875
1626,-1.875
1627,-10.625
1628,-2.8125
1629,-2.5
1630,-2.8125
1631,-2.5
1632,-7.1875
1633,-11.5625
1634,-1.875
1635,-0.0
1636,-0.0
1637,-7.1875
1638,-1.875
1639,-7.1875
1640,-0.0
1641,-3.4375
1642,-4.0625
1643,-0.0
1644,-4.375
1645,-6.5625
1646,-2.5
1647,-1.875
1648,-11.5625
1649,-7.1875
1650,-2.8125
1651,-2.5
1652,-4.6875
1653,-5.9375
1654,-4.6875
1655,-0.0
1656,-6.5625
1657,-4.6875
1658,-0.0
1659,-0.0
1660,-10.0
1661,-1.25
1662,-6.5625
1663,-3.4375
1664,-5.9375
1665,-1.875
1666,-0.0
1667,-3.75
1668,-3.75
1669,-0.0
1670,-8.125
1671,-2.5
1672,-2.5
1673,-8.75
1674,-2.5
1675,-4.6875
1676,-5.0
1677,-1.875
1678,-1.5625
1679,-2.1875
1680,-6.875
1681,-12.5
1682,-9.0625
1683,-6.25
1684,-1.875
1685,-0.9375
1686,-0.0
1687,-3.4375
1688,-0.0
1689,-3.125
1690,-0.9375
1691,-7.812500000000001
1692,-4.0625
1693,-2.8125
1694,-3.4375
1695,-5.9375
1696,-1.875
1697,-3.125
1698,-6.5625
1699,-5.0
1700,-1.875
1701,-6.875
1702,-4.6875
1703,-4.375
1704,-3.4375
1705,-9.0625
1706,-0.625
1707,-1.875
1708,-0.0
1709,-11.875
1710,-5.3125
1711,-2.1875
1712,-4.375
1713,-10.625
1714,-3.75
1715,-5.3125
1716,-2.1875
1717,-2.5
1718,-3.125
1719,-3.4375
1720,-3.4375
1721,-0.0
1722,-9.0625
1723,-7.1875
1724,-0.0
1725,-0.0
1726,-6.875
1727,-5.0
1728,-5.3125
1729,-7.812500000000001
1730,-2.1875
1731,-0.0
1732,-2.1875
1733,-5.625
1734,-7.812500000000001
1735,-4.375
1736,-0.0
1737,-0.0
1738,-4.6875
1739,-4.6875
1740,-11.5625
1741,-3.75
1742,-1.875
1743,-7.5
1744,-0.0
1745,-1.875
1746,-3.125
1747,-9.0625
1748,-0.0
1749,-2.8125
1750,-0.0
1751,-6.25
1752,-11.5625
1753,-5.0
1754,-9.0625
1755,-4.6875
1756,-2.1875
1757,-0.0
1758,-3.4375
1759,-8.75
1760,-3.125
1761,-0.0
1762,-2.5
1763,-6.25
1764,-6.5625
1765,-9.0625
1766,-0.0
1767,-12.8125
1768,-3.125
1769,-6.875
1770,-3.75
1771,-3.125
1772,-3.75
1773,-2.8125
1774,-3.75
1775,-1.875
1776,-6.5625
1777,-6.25
1778,-4.375
1779,-4.0625
1780,-2.1875
1781,-0.9375
1782,-0.0
1783,-1.25
1784,-3.4375
1785,-2.8125
1786,-2.5
1787,-1.875
1788,-0.0
1789,-9.0625
1790,-7.5
1791,-9.0625
1792,-1.875
1793,-2.5
1794,-3.4375
1795,-8.125
1796,-2.8125
1797,-5.625
1798,-4.375
1799,-4.6875
1800,-3.125
1801,-4.6875
1802,-1.5625
1803,-5.0
1804,-12.1875
1805,-1.25
1806,-0.9375
1807,-7.1875
1808,-0.0
1809,-0.0
1810,-10.0
1811,-0.625
1812,-10.625
1813,-9.0625
1814,-0.0
1815,-1.5625
1816,-0.0
1817,-12.1875
1818,-6.25
1819,-0.0
1820,-12.5
1821,-3.75
1822,-3.4375
1823,-0.0
1824,-4.375
1825,-9.0625
1826,-3.75
1827,-5.0
1828,-3.125
1829,-2.8125
1830,-4.0625
1831,-6.5625
1832,-0.0
1833,-3.125
1834,-4.6875
1835,-4.0625
1836,-4.0625
1837,-0.0
1838,-0.0
1839,-0.0
1840,-9.0625
1841,-6.875
1842,-12.8125
1843,-0.0
1844,-3.75
1845,-3.125
1846,-3.75
1847,-2.5
1848,-3.75
1849,-7.1875
1850,-0.0
1851,-2.1875
1852,-0.3125
1853,-8.125
1854,-6.5625
1855,-2.1875
1856,-0.625
1857,-0.0
1858,-10.0
1859,-4.0625
1860,-3.125
1861,-4.375
1862,-4.6875
1863,-5.0
1864,-2.1875
1865,-0.0
1866,-2.5
1867,-3.4375
1868,-6.5625
1869,-8.125
1870,-0.625
1871,-9.0625
1872,-1.875
1873,-3.125
1874,-0.0
1875,-5.0
1876,-0.0
1877,-0.0
1878,-3.4375
1879,-0.0
1880,-3.4375
1881,-4.0625
1882,-6.25
1883,-0.9375
1884,-0.0
1885,-4.375
1886,-10.9375
1887,-9.0625
1888,-5.0
1889,-0.0
1890,-1.875
1891,-0.0
1892,-5.9375
1893,-9.0625
1894,-0.0
1895,-5.625
1896,-0.0
1897,-5.0
1898,-0.3125
1899,-4.6875
1900,-4.6875
1901,-8.125
1902,-2.8125
1903,-2.5
1904,-0.0
1905,-5.0
1906,-4.375
1907,-5.0
1908,-0.0
1909,-2.5
1910,-3.4375
1911,-7.812500000000001
1912,-4.6875
1913,-5.0
1914,-2.5
1915,-9.0625
1916,-3.4375
1917,-0.0
1918,-0.0
1919,-3.125
1920,-2.5
1921,-6.5625
1922,-3.75
1923,-0.0
1924,-0.0
1925,-0.0
1926,-0.9375
1927,-3.125
1928,-5.0
1929,-5.0
1930,-0.0
1931,-3.4375
1932,-9.0625
1933,-4.6875
1934,-0.0
1935,-4.6875
1936,-6.875
1937,-6.25
1938,-0.0
1939,-12.5
1940,-0.0
1941,-0.0
1942,-0.0
1943,-6.875
1944,-7.1875
1945,-2.5
1946,-3.75
1947,-2.5
1948,-12.1875
1949,-4.6875
1950,-0.0
1951,-0.0
1952,-4.0625
1953,-11.5625
1954,-9.0625
1955,-4.6875
1956,-3.4375
1957,-0.625
1958,-5.3125
1959,-3.4375
1960,-0.0
1961,-4.375
1962,-3.75
1963,-2.5
1964,-1.875
1965,-5.9375
1966,-4.375
1967,-2.8125
1968,-3.125
1969,-4.0625
1970,-4.0625
1971,-5.9375
1972,-0.0
1973,-1.875
1974,-2.5
1975,-7.812500000000001
1976,-3.125
1977,-0.0
1978,-3.4375
1979,-8.125
1980,-9.0625
1981,-0.3125
1982,-0.0
1983,-2.8125
1984,-8.125
1985,-5.625
1986,-0.0
1987,-9.375
1988,-3.125
1989,-3.125
1990,-11.25
1991,-0.0
1992,-9.0625
1993,-10.625
1994,-12.8125
1995,-0.0
1996,-2.8125
1997,-2.5
1998,-4.6875
1999,-3.125
2000,-5.0
2001,-0.0
2002,-4.0625
2003,-3.125
2004,-5.3125
2005,-7.5
2006,-0.3125
2007,-3.4375
2008,-6.875
2009,-2.8125
2010,-0.625
2011,-1.5625
2012,-9.0625
2013,-9.375
2014,-0.0
2015,-2.1875
2016,-4.6875
2017,-4.0625
2018,-3.4375
2019,-0.0
2020,-0.0
2021,-0.3125
2022,-6.5625
2023,-6.25
2024,-2.8125
2025,-1.875
2026,-2.8125
2027,-5.0
2028,-7.812500000000001
2029,-3.125
2030,-3.125
2031,-0.0
2032,-4.6875
2033,-0.9375
2034,-0.0
2035,-0.0
2036,-2.8125
2037,-4.375
2038,-0.0
2039,-3.4375
2040,-5.625
2041,-5.625
2042,-1.25
2043,-3.75
2044,-7.1875
2045,-0.0
2046,-5.3125
2047,-1.5625
2048,-2.8125
2049,-2.1875
2050,-9.0625
2051,-7.1875
2052,-4.375
2053,-0.0
2054,-3.125
2055,-0.0
2056,-9.375
2057,-2.5
2058,-6.875
2059,-7.5
2060,-0.0
2061,-2.8125
2062,-2.5
2063,-10.0
2064,-4.0625
2065,-6.875
2066,-0.0
2067,-0.0
2068,-0.3125
2069,-7.812500000000001
2070,-1.875
2071,-4.375
2072,-10.0
2073,-0.0
2074,-5.0
2075,-2.5
2076,-3.75
2077,-3.75
2078,-5.3125
2079,-8.125
2080,-3.4375
2081,-5.3125
2082,-1.875
2083,-4.375
2084,-0.0
2085,-2.5
2086,-0.0
2087,-8.4375
2088,-3.4375
2089,-0.0
2090,-8.125
2091,-2.5
2092,-2.8125
2093,-0.0
2094,-2.5
2095,-2.5
2096,-0.3125
2097,-4.0625
2098,-5.9375
2099,-0.0
2100,-0.0
2101,-0.3125
2102,-11.875
2103,-4.6875
2104,-1.875
2105,-4.0625
2106,-4.0625
2107,-6.25
2108,-4.6875
2109,-3.75
2110,-4.6875
2111,-0.0
2112,-0.0
2113,-4.375
2114,-5.9375
2115,-1.5625
2116,-1.875
2117,-5.9375
2118,-3.125
2119,-2.8125
2120,-0.0
2121,-1.25
2122,-3.125
2123,-7.812500000000001
2124,-1.5625
2125,-0.0
2126,-0.9375
2127,-6.875
2128,-10.9375
2129,-9.375
2130,-6.5625
2131,-0.0
2132,-0.0
2133,-3.4375
2134,-12.5
2135,-4.0625
2136,-4.375
2137,-3.125
2138,-0.0
2139,-1.5625
2140,-8.125
2141,-4.6875
2142,-2.5
2143,-4.6875
2144,-1.875
2145,-2.5
2146,-1.25
2147,-4.6875
2148,-6.25
2149,-4.0625
2150,-0.0
2151,-2.5
2152,-6.875
2153,-2.1875
2154,-6.25
2155,-3.125
2156,-11.25
2157,-0.0
2158,-9.0625
2159,-2.8125
2160,-0.0
2161,-3.125
2162,-0.0
2163,-0.0
2164,-0.0
2165,-11.875
2166,-0.0
2167,-4.375
2168,-3.75
2169,-6.25
2170,-5.0
2171,-4.375
2172,-0.0
2173,-0.0
2174,-3.125
2175,-8.125
2176,-0.0
2177,-0.0
2178,-0.0
2179,-7.812500000000001
2180,-11.5625
2181,-4.375
2182,-0.0
2183,-2.5
2184,-2.5
2185,-3.4375
2186,-5.0
2187,-6.5625
2188,-2.8125
2189,-0.9375
2190,-3.75
2191,-0.0
2192,-2.8125
2193,-2.1875
2194,-11.5625
2195,-0.0
2196,-3.125
2197,-5.625
2198,-3.125
2199,-0.625
2200,-4.375
2201,-9.6875
2202,-0.0
2203,-1.875
2204,-1.25
2205,-5.3125
2206,-8.75
2207,-4.6875
2208,-0.0
2209,-5.0
2210,-3.4375
2211,-6.25
2212,-3.125
2213,-8.125
2214,-1.875
2215,-5.0
2216,-1.5625
2217,-3.125
2218,-2.8125
2219,-0.0
2220,-1.5625
2221,-2.5
2222,-0.9375
2223,-2.5
2224,-0.0
2225,-0.0
2226,-5.0
2227,-4.375
2228,-5.0
2229,-3.125
2230,-2.8125
2231,-4.6875
2232,-5.9375
2233,-4.6875
2234,-3.4375
2235,-2.5
2236,-2.5
2237,-3.4375
2238,-1.875
2239,-1.25
2240,-8.125
2241,-5.0
2242,-3.4375
2243,-2.8125
2244,-5.3125
2245,-2.1875
2246,-2.1875
2247,-6.25
2248,-2.5
2249,-10.0
2250,-2.8125
2251,-5.9375
2252,-0.0
2253,-8.75
2254,-2.8125
2255,-2.1875
2256,-0.0
2257,-1.875
2258,-5.3125
2259,-5.3125
2260,-5.0
2261,-5.0
2262,-8.125
2263,-0.0
2264,-0.0
2265,-3.4375
2266,-1.875
2267,-6.5625
2268,-5.0
2269,-5.3125
2270,-6.25
2271,-2.8125
2272,-3.75
2273,-0.625
2274,-0.0
2275,-0.0
2276,-6.875
2277,-3.125
2278,-0.0
2279,-5.0
2280,-4.0625
2281,-0.0
2282,-0.0
2283,-5.625
2284,-11.5625
2285,-4.6875
2286,-4.375
2287,-0.0
2288,-7.1875
2289,-2.1875
2290,-0.0
2291,-4.6875
2292,-9.6875
2293,-7.5
2294,-3.4375
2295,-0.0
2296,-2.8125
2297,-2.5
2298,-0.0
2299,-1.875
2300,-7.812500000000001
2301,-9.0625
2302,-7.1875
2303,-3.4375
2304,-3.125
2305,-0.0
2306,-2.5
2307,-6.25
2308,-0.0
2309,-0.0
2310,-0.3125
2311,-9.0625
2312,-4.6875
2313,-0.0
2314,-0.0
2315,-3.4375
2316,-3.4375
2317,-8.125
2318,-11.5625
2319,-4.375
2320,-4.375
2321,-6.5625
2322,-0.0
2323,-2.5
2324,-2.8125
2325,-2.1875
2326,-1.25
2327,-4.0625
2328,-6.875
2329,-3.125
2330,-10.3125
2331,-7.5
2332,-3.125
2333,-0.0
2334,-5.3125
2335,-6.25
2336,-0.0
2337,-0.0
2338,-0.0
2339,-3.125
2340,-4.375
2341,-7.5
2342,-1.875
2343,-0.0
2344,-0.0
2345,-4.6875
2346,-0.0
2347,-4.0625
2348,-2.1875
2349,-6.25
2350,-2.5
2351,-0.0
2352,-7.1875
2353,-2.8125
2354,-3.125
2355,-0.0
2356,-3.75
2357,-3.125
2358,-3.125
2359,-11.875
2360,-5.9375
2361,-3.125
2362,-3.125
2363,-2.5
2364,-2.8125
2365,-5.0
2366,-0.0
2367,-2.1875
2368,-7.1875
2369,-1.875
2370,-4.375
2371,-0.9375
2372,-3.125
2373,-5.9375
2374,-0.0
2375,-5.9375
2376,-3.75
2377,-4.0625
2378,-0.0
2379,-1.25
2380,-3.75
2381,-3.125
2382,-5.0
2383,-3.4375
2384,-0.625
2385,-7.1875
2386,-2.5
2387,-0.625
2388,-6.25
2389,-4.375
2390,-0.0
2391,-0.9375
2392,-4.6875
2393,-3.75
2394,-3.125
2395,-3.125
2396,-3.125
2397,-0.0
2398,-2.1875
2399,-2.8125
2400,-6.25
2401,-1.875
2402,-1.875
2403,-8.4375
2404,-12.8125
2405,-0.0
2406,-2.8125
2407,-3.75
2408,-0.0
2409,-1.5625
2410,-2.5
2411,-4.6875
2412,-7.1875
2413,-3.75
2414,-2.8125
2415,-0.0
2416,-1.875
2417,-6.25
2418,-11.875
2419,-0.0
2420,-0.0
2421,-0.0
2422,-0.9375
2423,-5.3125
2424,-3.75
2425,-2.8125
2426,-5.0
2427,-0.0
2428,-4.6875
2429,-0.0
2430,-4.0625
2431,-0.0
2432,-0.3125
2433,-0.0
2434,-7.1875
2435,-3.125
2436,-0.0
2437,-0.0
2438,-9.0625
2439,-7.812500000000001
2440,-4.6875
2441,-0.0
2442,-3.125
2443,-6.875
2444,-2.5
2445,-0.0
2446,-3.4375
2447,-3.125
2448,-0.0
2449,-3.75
2450,-8.125
2451,-1.875
2452,-0.0
2453,-0.625
2454,-3.75
2455,-3.4375
2456,-7.1875
2457,-9.375
2458,-5.0
2459,-0.0
2460,-2.1875
2461,-0.0
2462,-3.125
2463,-2.1875
2464,-5.3125
2465,-1.5625
2466,-0.0
2467,-4.375
2468,-4.375
2469,-0.0
2470,-3.4375
2471,-10.0
2472,-7.1875
2473,-1.5625
2474,-3.125
2475,-2.8125
2476,-3.4375
2477,-4.6875
2478,-0.0
2479,-5.625
2480,-2.1875
2481,-5.9375
2482,-3.4375
2483,-0.0
2484,-0.3125
2485,-3.75
2486,-3.75
2487,-2.1875
2488,-4.0625
2489,-0.0
2490,-0.0
2491,-6.25
2492,-0.0
2493,-0.0
2494,-7.812500000000001
2495,-1.875
2496,-4.6875
2497,-2.1875
2498,-2.1875
2499,-6.25
2500,-2.1875
2501,-7.1875
2502,-0.0
2503,-0.625
2504,-4.6875
2505,-2.5
2506,-2.1875
2507,-2.5
2508,-4.0625
2509,-4.375
2510,-7.1875
2511,-0.0
2512,-1.875
2513,-5.9375
2514,-1.875
2515,-4.375
2516,-0.0
2517,-5.0
2518,-3.4375
2519,-0.0
2520,-0.0
2521,-0.0
2522,-2.1875
2523,-3.125
2524,-0.0
2525,-0.0
2526,-3.75
2527,-2.5
2528,-3.4375
2529,-0.0
2530,-2.8125
2531,-0.0
2532,-6.25
2533,-3.125
2534,-3.125
2535,-6.875
2536,-3.125
2537,-0.0
2538,-6.25
2539,-2.8125
2540,-3.75
2541,-2.5
2542,-1.875
2543,-6.875
2544,-5.3125
2545,-4.6875
2546,-3.125
2547,-0.0
2548,-2.5
2549,-3.4375
2550,-1.875
2551,-9.375
2552,-0.0
2553,-3.75
2554,-2.1875
2555,-3.4375
2556,-3.125
2557,-0.0
2558,-2.5
2559,-0.3125
2560,-4.375
2561,-5.0
2562,-8.125
2563,-0.0
2564,-3.4375
2565,-6.875
2566,-3.125
2567,-0.0
2568,-2.8125
2569,-0.0
2570,-10.0
2571,-1.875
2572,-2.8125
2573,-2.1875
2574,-3.125
2575,-0.0
2576,-8.125
2577,-2.5
2578,-6.25
2579,-6.5625
2580,-0.0
2581,-4.6875
2582,-0.625
2583,-3.125
2584,-0.0
2585,-1.5625
2586,-3.4375
2587,-4.6875
2588,-2.5
2589,-0.625
2590,-5.3125
2591,-9.6875
2592,-0.0
2593,-7.812500000000001
2594,-4.6875
2595,-0.0
2596,-10.625
2597,-4.375
2598,-1.875
2599,-2.5
2600,-0.0
2601,-2.5
2602,-3.125
2603,-11.5625
2604,-7.1875
2605,-2.5
2606,-2.5
2607,-3.4375
2608,-2.8125
2609,-0.0
2610,-2.8125
2611,-7.812500000000001
2612,-3.125
2613,-0.0
2614,-6.25
2615,-0.0
2616,-7.1875
2617,-3.75
2618,-4.0625
2619,-2.1875
2620,-5.0
2621,-6.5625
2622,-1.5625
2623,-3.125
2624,-1.875
2625,-5.0
2626,-5.0
2627,-0.0
2628,-5.9375
2629,-11.875
2630,-0.9375
2631,-0.0
2632,-10.9375
2633,-12.8125
2634,-1.5625
2635,-1.875
2636,-1.875
2637,-4.375
2638,-0.0
2639,-1.25
2640,-2.8125
2641,-2.5
2642,-2.5
2643,-0.3125
2644,-4.375
2645,-2.5
2646,-0.0
2647,-7.812500000000001
2648,-0.9375
2649,-3.4375
2650,-0.9375
2651,-1.25
2652,-2.8125
2653,-4.375
2654,-0.3125
2655,-0.0
2656,-1.875
2657,-2.5
2658,-0.0
2659,-5.3125
2660,-4.375
2661,-1.25
2662,-6.25
2663,-2.5
2664,-0.0
2665,-2.5
2666,-0.0
2667,-7.1875
2668,-8.75
2669,-0.0
2670,-0.0
2671,-4.0625
2672,-1.5625
2673,-0.0
2674,-4.0625
2675,-1.875
2676,-5.3125
2677,-5.0
2678,-1.5625
2679,-5.625
2680,-3.4375
2681,-2.8125
2682,-1.875
2683,-2.8125
2684,-6.875
2685,-3.4375
2686,-3.125
2687,-2.8125
2688,-0.625
2689,-3.125
2690,-6.25
2691,-3.125
2692,-2.1875
2693,-4.6875
2694,-1.25
2695,-3.75
2696,-6.25
2697,-2.8125
2698,-0.0
2699,-0.0
2700,-3.125
2701,-5.625
2702,-2.1875
2703,-2.1875
2704,-0.0
2705,-4.0625
2706,-0.0
2707,-1.25
2708,-4.375
2709,-3.75
2710,-4.0625
2711,-4.0625
2712,-3.4375
2713,-2.5
2714,-3.4375
2715,-3.4375
2716,-2.5
2717,-0.3125
2718,-3.75
2719,-3.75
2720,-0.0
2721,-2.8125
2722,-2.1875
2723,-5.625
2724,-4.375
2725,-5.9375
2726,-0.0
2727,-3.75
2728,-3.125
2729,-7.1875
2730,-3.125
2731,-3.125
2732,-2.8125
2733,-2.1875
2734,-5.0
2735,-5.3125
2736,-1.875
2737,-3.4375
2738,-2.1875
2739,-1.5625
2740,-0.0
2741,-4.6875
2742,-2.8125
2743,-0.625
2744,-0.0
2745,-3.4375
2746,-7.1875
2747,-2.8125
2748,-2.1875
2749,-2.5
2750,-6.25
2751,-1.875
2752,-1.5625
2753,-2.5
2754,-5.3125
2755,-0.0
2756,-2.8125
2757,-5.0
2758,-0.0
2759,-4.0625
2760,-5.0
2761,-1.25
2762,-3.125
2763,-4.6875
2764,-2.8125
2765,-3.75
2766,-3.125
2767,-0.9375
2768,-1.5625
2769,-0.0
2770,-2.8125
2771,-4.0625
2772,-1.5625
2773,-2.5
2774,-5.0
2775,-4.0625
2776,-2.5
2777,-3.75
2778,-0.0
2779,-2.5
2780,-0.0
2781,-3.125
2782,-5.9375
2783,-1.875
2784,-5.9375
2785,-6.25
2786,-3.125
2787,-0.0
2788,-4.0625
2789,-1.25
2790,-2.1875
2791,-5.625
2792,-3.75
2793,-0.0
2794,-3.125
2795,-10.0
2796,-2.8125
2797,-2.5
2798,-2.8125
2799,-3.125
2800,-4.375
2801,-3.125
2802,-2.1875
2803,-2.1875
2804,-3.125
2805,-2.8125
2806,-4.0625
2807,-2.1875
2808,-7.5
2809,-3.125
2810,-4.375
2811,-0.0
2812,-2.8125
2813,-8.125
2814,-3.4375
2815,-0.9375
2816,-5.3125
2817,-2.1875
2818,-7.812500000000001
2819,-0.0
2820,-3.4375
2821,-3.75
2822,-1.875
2823,-6.875
2824,-4.6875
2825,-4.0625
2826,-2.8125
2827,-0.0
2828,-4.6875
2829,-1.875
2830,-2.1875
2831,-2.1875
2832,-2.8125
2833,-4.375
2834,-0.0
2835,-3.75
2836,-1.875
2837,-4.0625
2838,-1.5625
2839,-4.0625
2840,-3.75
2841,-3.75
2842,-0.0
2843,-4.6875
2844,-3.75
2845,-3.4375
2846,-2.8125
2847,-2.5
2848,-3.125
2849,-2.8125
2850,-4.6875
2851,-1.5625
2852,-2.5
2853,-1.25
2854,-0.0
2855,-4.6875
2856,-0.0
2857,-3.4375
2858,-0.625
2859,-3.75
2860,-9.0625
2861,-0.625
2862,-2.5
2863,-2.1875
2864,-0.9375
2865,-3.4375
2866,-7.812500000000001
2867,-2.8125
2868,-6.875
2869,-3.4375
2870,-2.8125
2871,-0.0
2872,-4.0625
2873,-1.5625
2874,-2.8125
2875,-3.75
2876,-3.125
2877,-2.5
2878,-1.5625
2879,-0.3125
2880,-3.75
2881,-3.75
2882,-0.625
2883,-3.4375
2884,-0.0
2885,-4.375
2886,-3.75
2887,-2.5
2888,-2.8125
2889,-2.5
2890,-3.125
2891,-0.0
2892,-5.0
2893,-3.75
2894,-4.0625
2895,-4.6875
2896,-7.1875
2897,-3.125
2898,-5.0
2899,-3.4375
2900,-5.625
2901,-2.8125
2902,-2.5
2903,-0.9375
2904,-3.125
2905,-1.25
2906,-5.3125
2907,-2.5
2908,-2.8125
2909,-5.3125
2910,-1.875
2911,-0.9375
2912,-3.4375
2913,-4.6875
2914,-3.125
2915,-2.8125
2916,-1.875
2917,-5.0
2918,-2.8125
2919,-2.1875
2920,-3.4375
2921,-1.875
2922,-5.0
2923,-5.3125
2924,-1.875
2925,-0.0
2926,-3.75
2927,-3.4375
2928,-2.5
2929,-11.25
2930,-1.875
2931,-4.6875
2932,-0.9375
2933,-4.0625
2934,-3.125
2935,-0.9375
2936,-2.1875
2937,-6.5625
2938,-3.4375
2939,-5.625
2940,-2.8125
2941,-3.125
2942,-6.25
2943,-2.8125
2944,-4.375
2945,-1.25
2946,-1.25
2947,-3.4375
2948,-5.3125
2949,-5.0
2950,-2.5
2951,-4.0625
2952,-3.4375
2953,-0.0
2954,-3.4375
2955,-2.5
2956,-2.5
2957,-1.25
2958,-0.0
2959,-2.8125
2960,-1.25
2961,-1.5625
2962,-6.25
2963,-3.125
2964,-2.1875
2965,-5.0
2966,-5.3125
2967,-5.0
2968,-2.1875
2969,-2.5
2970,-3.125
2971,-3.125
2972,-4.6875
2973,-9.0625
2974,-3.4375
2975,-1.875
2976,-4.6875
2977,-2.1875
2978,-3.125
2979,-3.125
2980,-3.4375
2981,-2.5
2982,-2.8125
2983,-11.875
2984,-6.5625
2985,-3.125
2986,-1.5625
2987,-3.125
2988,-3.4375
2989,-3.75
2990,-2.5
2991,-4.375
2992,-4.0625
2993,-4.375
2994,-1.875
2995,-0.0
2996,-2.1875
2997,-12.1875
2998,-0.9375
2999,-0.0
3000,-3.75
3001,-5.0
3002,-2.8125
3003,-3.4375
3004,-2.5
3005,-2.5
3006,-1.875
3007,-0.9375
3008,-2.5
3009,-1.25
3010,-4.375
3011,-3.125
3012,-1.25
3013,-1.875
3014,-3.75
3015,-1.25
3016,-5.0
3017,-5.0
3018,-2.5
3019,-3.4375
3020,-1.5625
3021,-3.75
3022,-2.5
3023,-5.3125
3024,-3.125
3025,-3.125
3026,-3.125
3027,-1.25
3028,-4.0625
3029,-2.8125
3030,-3.75
3031,-5.0
3032,-5.0
3033,-0.0
3034,-2.5
3035,-3.75
3036,-2.8125
3037,-0.0
3038,-3.75
3039,-2.8125
3040,-5.3125
3041,-3.75
3042,-2.5
3043,-2.8125
3044,-3.4375
3045,-5.0
3046,-1.875
3047,-3.4375
3048,-2.5
3049,-3.125
3050,-2.5
3051,-3.4375
3052,-0.0
3053,-11.25
3054,-1.5625
3055,-2.8125
3056,-3.125
3057,-3.125
3058,-3.4375
3059,-3.4375
3060,-5.625
3061,-2.8125
3062,-5.9375
3063,-0.0
3064,-2.1875
3065,-4.0625
3066,-4.6875
3067,-2.1875
3068,-1.5625
3069,-3.125
3070,-3.125
3071,-1.5625
3072,-5.0
3073,-2.5
3074,-5.3125
3075,-4.6875
3076,-0.0
3077,-3.4375
3078,-2.5
3079,-2.1875
3080,-4.6875
3081,-1.875
3082,-1.875
3083,-8.125
3084,-3.125
3085,-2.5
3086,-3.75
3087,-5.0
3088,-2.5
3089,-0.0
3090,-1.875
3091,-4.6875
3092,-2.5
3093,-5.0
3094,-8.75
3095,-2.1875
3096,-0.0
3097,-3.125
3098,-3.125
3099,-2.1875
3100,-4.375
3101,-2.5
3102,-7.812500000000001
3103,-3.75
3104,-1.5625
3105,-0.9375
3106,-3.4375
3107,-4.6875
3108,-5.3125
3109,-2.1875
3110,-0.625
3111,-0.0
3112,-3.4375
3113,-3.4375
3114,-4.0625
3115,-10.625
3116,-4.0625
3117,-1.875
3118,-1.5625
3119,-3.75
3120,-2.5
3121,-7.5
3122,-6.5625
3123,-2.1875
3124,-1.875
3125,-0.0
3126,-3.125
3127,-5.0
3128,-2.8125
3129,-2.5
3130,-3.4375
3131,-1.875
3132,-1.875
3133,-1.875
3134,-3.4375
3135,-2.1875
3136,-4.375
3137,-1.875
3138,-3.125
3139,-3.4375
3140,-3.75
3141,-4.6875
3142,-5.0
3143,-1.875
3144,-3.4375
3145,-3.4375
3146,-0.9375
3147,-1.875
3148,-1.875
3149,-4.6875
3150,-0.625
3151,-3.125
3152,-3.4375
3153,-1.875
3154,-5.0
3155,-4.0625
3156,-1.5625
3157,-2.1875
3158,-2.1875
3159,-4.0625
3160,-2.5
3161,-3.125
3162,-2.5
3163,-4.375
3164,-5.3125
3165,-0.9375
3166,-3.125
3167,-2.1875
3168,-3.125
3169,-5.3125
3170,-2.8125
3171,-2.5
3172,-4.6875
3173,-2.1875
3174,-2.5
3175,-4.375
3176,-4.6875
3177,-0.625
3178,-2.1875
3179,-1.875
3180,-2.8125
3181,-0.0
3182,-0.0
3183,-1.25
3184,-2.8125
3185,-5.3125
3186,-6.25
3187,-2.8125
3188,-0.625
3189,-3.125
3190,-3.125
3191,-4.375
3192,-1.875
3193,-1.5625
3194,-4.375
3195,-0.0
3196,-3.125
3197,-3.4375
3198,-2.8125
3199,-3.4375
3200,-3.125
3201,-0.0
3202,-6.875
3203,-1.875
3204,-0.0
3205,-2.8125
3206,-7.1875
3207,-0.9375
3208,-5.3125
3209,-4.375
3210,-3.75
3211,-2.5
3212,-6.25
3213,-4.0625
3214,-2.5
3215,-1.25
3216,-2.8125
3217,-7.5
3218,-1.5625
3219,-2.1875
3220,-2.5
3221,-2.5
3222,-2.8125
3223,-0.625
3224,-3.125
3225,-5.3125
3226,-4.375
3227,-4.0625
3228,-2.5
3229,-2.8125
3230,-6.25
3231,-3.75
3232,-2.5
3233,-0.0
3234,-1.25
3235,-2.8125
3236,-3.125
3237,-1.5625
3238,-5.0
3239,-0.0
3240,-5.0
3241,-2.5
3242,-2.8125
3243,-3.75
3244,-2.5
3245,-0.0
3246,-7.1875
3247,-4.0625
3248,-0.0
3249,-3.75
3250,-2.1875
3251,-4.375
3252,-2.8125
3253,-3.4375
3254,-1.5625
3255,-6.875
3256,-0.3125
3257,-4.375
3258,-3.125
3259,-0.625
3260,-3.125
3261,-4.0625
3262,-0.625
3263,-4.375
3264,-0.0
3265,-2.1875
3266,-5.9375
3267,-5.3125
3268,-4.375
3269,-5.0
3270,-3.4375
3271,-3.4375
3272,-0.0
3273,-2.8125
3274,-0.0
3275,-1.875
3276,-2.8125
3277,-3.125
3278,-2.8125
3279,-1.875
3280,-3.4375
3281,-1.875
3282,-1.875
3283,-0.9375
3284,-2.1875
3285,-2.8125
3286,-1.5625
3287,-3.75
3288,-0.9375
3289,-3.4375
3290,-6.25
3291,-1.875
3292,-3.125
3293,-0.0
3294,-5.625
3295,-1.5625
3296,-9.375
3297,-3.75
3298,-5.0
3299,-1.25
3300,-2.8125
3301,-3.125
3302,-3.4375
3303,-4.0625
3304,-3.4375
3305,-2.8125
3306,-1.875
3307,-1.875
3308,-4.375
3309,-3.125
3310,-3.125
3311,-2.8125
3312,-3.125
3313,-0.0
3314,-0.0
3315,-8.75
3316,-9.0625
3317,-6.25
3318,-1.5625
3319,-1.875
3320,-1.5625
3321,-4.6875
3322,-2.1875
3323,-1.5625
3324,-2.1875
3325,-2.1875
3326,-2.5
3327,-2.5
3328,-1.5625
3329,-1.875
3330,-3.4375
3331,-2.5
3332,-1.875
3333,-0.0
3334,-4.6875
3335,-5.0
3336,-4.0625
3337,-0.0
3338,-2.8125
3339,-0.0
3340,-0.0
3341,-0.0
3342,-5.625
3343,-3.4375
3344,-2.8125
3345,-0.0
3346,-1.875
3347,-8.75
3348,-3.4375
3349,-0.0
3350,-3.75
3351,-4.375
3352,-6.5625
3353,-2.1875
3354,-2.1875
3355,-0.9375
3356,-2.5
3357,-0.0
3358,-3.4375
3359,-5.9375
3360,-0.0
3361,-3.125
3362,-1.875
3363,-2.5
3364,-2.1875
3365,-1.875
3366,-2.5
3367,-1.875
3368,-0.0
3369,-1.25
3370,-4.6875
3371,-0.0
3372,-0.0
3373,-0.9375
3374,-2.5
3375,-0.0
3376,-5.3125
3377,-4.0625
3378,-4.0625
3379,-2.8125
3380,-3.125
3381,-0.0
3382,-2.8125
3383,-0.0
3384,-3.4375
3385,-3.4375
3386,-3.125
3387,-2.5
3388,-0.0
3389,-2.1875
3390,-3.75
3391,-8.125
3392,-0.0
3393,-2.5
3394,-6.25
3395,-9.0625
3396,-0.625
3397,-3.75
3398,-5.625
3399,-3.4375
3400,-1.5625
3401,-3.75
3402,-3.125
3403,-3.125
3404,-3.4375
3405,-2.8125
3406,-2.8125
3407,-2.5
3408,-4.6875
3409,-0.0
3410,-2.5
3411,-3.75
3412,-1.875
3413,-2.8125
3414,-3.125
3415,-3.75
3416,-0.0
3417,-3.75
3418,-2.5
3419,-1.875
3420,-0.0
3421,-5.0
3422,-2.1875
3423,-3.125
3424,-0.0
3425,-4.375
3426,-3.4375
3427,-2.5
3428,-9.0625
3429,-3.75
3430,-2.5
3431,-2.8125
3432,-2.5
3433,-3.4375
3434,-2.5
3435,-0.0
3436,-3.4375
3437,-2.1875
3438,-2.1875
3439,-4.375
3440,-1.25
3441,-2.5
3442,-5.0
3443,-2.8125
3444,-0.0
3445,-1.875
3446,-0.0
3447,-3.125
3448,-1.875
3449,-2.1875
3450,-2.1875
3451,-1.5625
3452,-2.1875
3453,-4.0625
3454,-5.3125
3455,-2.8125
3456,-1.25
3457,-2.8125
3458,-3.125
3459,-5.0
3460,-4.0625
3461,-1.25
3462,-3.75
3463,-1.875
3464,-5.9375
3465,-3.75
3466,-3.125
3467,-2.8125
3468,-2.5
3469,-2.5
3470,-1.875
3471,-2.8125
3472,-2.5
3473,-3.4375
3474,-4.6875
3475,-3.125
3476,-2.1875
3477,-1.875
3478,-1.5625
3479,-3.125
3480,-1.875
3481,-3.75
3482,-2.1875
3483,-6.25
3484,-2.5
3485,-3.4375
3486,-1.875
3487,-3.4375
3488,-5.3125
3489,-3.75
3490,-4.375
3491,-3.75
3492,-0.0
3493,-3.125
3494,-1.875
3495,-3.75
3496,-3.75
3497,-3.125
3498,-2.5
3499,-0.0
3500,-1.875
3501,-3.125
3502,-0.9375
3503,-3.4375
3504,-3.4375
3505,-2.1875
3506,-2.8125
3507,-3.75
3508,-5.0
3509,-1.875
3510,-2.8125
3511,-1.5625
3512,-2.1875
3513,-4.6875
3514,-5.625
3515,-1.5625
3516,-0.0
3517,-0.9375
3518,-9.0625
3519,-8.125
3520,-0.0
3521,-1.5625
3522,-5.3125
3523,-3.125
3524,-5.625
3525,-2.1875
3526,-3.125
3527,-1.875
3528,-4.375
3529,-4.375
3530,-2.1875
3531,-2.8125
3532,-8.4375
3533,-0.0
3534,-0.0
3535,-2.5
3536,-5.9375
3537,-5.3125
3538,-2.5
3539,-2.1875
3540,-3.4375
3541,-2.1875
3542,-3.125
3543,-3.75
3544,-4.6875
3545,-2.5
3546,-3.75
3547,-2.5
3548,-3.125
3549,-3.4375
3550,-1.5625
3551,-3.4375
3552,-1.875
3553,-3.4375
3554,-3.4375
3555,-3.125
3556,-2.5
3557,-3.4375
3558,-1.875
3559,-2.8125
3560,-2.8125
3561,-3.4375
3562,-2.5
3563,-3.75
3564,-3.75
3565,-1.875
3566,-3.125
3567,-3.125
3568,-0.0
3569,-4.0625
3570,-2.8125
3571,-1.5625
3572,-2.8125
3573,-5.9375
3574,-2.1875
3575,-0.0
3576,-2.8125
3577,-0.9375
3578,-0.3125
3579,-5.0
3580,-3.75
3581,-2.1875
3582,-2.8125
3583,-2.8125
3584,-2.5
3585,-0.0
3586,-2.1875
3587,-11.5625
3588,-3.75
3589,-3.75
3590,-4.6875
3591,-0.0
3592,-2.5
3593,-1.5625
3594,-5.3125
3595,-3.75
3596,-2.1875
3597,-0.0
3598,-1.875
3599,-3.4375
3600,-6.25
3601,-3.75
3602,-3.75
3603,-1.5625
3604,-2.1875
3605,-1.5625
3606,-4.0625
3607,-2.1875
3608,-1.875
3609,-3.125
3610,-2.5
3611,-3.125
3612,-2.8125
3613,-2.8125
3614,-2.1875
3615,-2.5
3616,-2.5
3617,-2.5
3618,-3.125
3619,-4.0625
3620,-3.125
3621,-0.0
3622,-3.125
3623,-3.75
3624,-3.125
3625,-3.75
3626,-4.0625
3627,-3.125
3628,-3.125
3629,-1.875
3630,-4.0625
3631,-2.5
3632,-2.1875
3633,-3.125
3634,-1.25
3635,-3.75
3636,-2.5
3637,-3.125
3638,-3.75
3639,-2.8125
3640,-2.5
3641,-2.8125
3642,-3.125
3643,-5.3125
3644,-3.4375
3645,-4.0625
3646,-1.875
3647,-3.125
3648,-1.875
3649,-0.9375
3650,-4.0625
3651,-5.3125
3652,-4.0625
3653,-0.0
3654,-2.1875
3655,-2.1875
3656,-3.125
3657,-2.8125
3658,-5.3125
3659,-2.8125
3660,-6.25
3661,-3.75
3662,-0.0
3663,-2.5
3664,-3.4375
3665,-3.125
3666,-3.125
3667,-4.375
3668,-4.375
3669,-3.4375
3670,-3.4375
3671,-2.8125
3672,-2.5
3673,-3.75
3674,-5.3125
3675,-1.875
3676,-0.0
3677,-3.4375
3678,-3.125
3679,-0.0
3680,-2.8125
3681,-3.4375
3682,-5.625
3683,-3.4375
3684,-3.4375
3685,-2.1875
3686,-3.75
3687,-0.0
3688,-2.5
3689,-3.75
3690,-3.125
3691,-0.0
3692,-1.25
3693,-2.1875
3694,-6.875
3695,-4.0625
3696,-1.875
3697,-3.75
3698,-2.8125
3699,-3.125
3700,-4.0625
3701,-2.5
3702,-1.875
3703,-2.5
3704,-3.4375
3705,-3.4375
3706,-2.5
3707,-1.5625
3708,-3.125
3709,-0.9375
3710,-5.0
3711,-3.125
3712,-2.1875
3713,-2.1875
3714,-4.375
3715,-4.0625
3716,-3.4375
3717,-5.3125
3718,-4.6875
3719,-2.1875
3720,-3.125
3721,-2.5
3722,-2.1875
3723,-0.0
3724,-1.875
3725,-3.75
3726,-1.875
3727,-4.375
3728,-2.5
3729,-2.5
3730,-2.5
3731,-2.5
3732,-2.5
3733,-4.375
3734,-0.625
3735,-7.5
3736,-3.4375
3737,-3.125
3738,-3.125
3739,-0.9375
3740,-2.5
3741,-0.0
3742,-4.0625
3743,-2.8125
3744,-4.0625
3745,-8.125
3746,-1.875
3747,-2.1875
3748,-0.9375
3749,-0.9375
3750,-2.5
3751,-11.5625
3752,-3.75
3753,-2.5
3754,-1.5625
3755,-4.375
3756,-0.0
3757,-3.4375
3758,-5.0
3759,-1.875
3760,-2.1875
3761,-5.0
3762,-2.8125
3763,-1.875
3764,-3.125
3765,-2.5
3766,-2.1875
3767,-1.5625
3768,-3.75
3769,-3.75
3770,-3.4375
3771,-1.5625
3772,-3.4375
3773,-4.0625
3774,-4.375
3775,-0.0
3776,-1.875
3777,-4.0625
3778,-2.5
3779,-3.125
3780,-1.875
3781,-2.1875
3782,-1.875
3783,-2.5
3784,-3.75
3785,-3.125
3786,-2.5
3787,-1.25
3788,-3.4375
3789,-3.125
3790,-3.75
3791,-3.125
3792,-5.625
3793,-1.875
3794,-0.0
3795,-2.1875
3796,-5.0
3797,-4.6875
3798,-0.0
3799,-2.5
3800,-4.0625
3801,-1.5625
3802,-2.5
3803,-4.0625
3804,-1.875
3805,-2.5
3806,-3.4375
3807,-0.0
3808,-3.125
3809,-2.1875
3810,-0.0
3811,-5.3125
3812,-2.8125
3813,-9.0625
3814,-2.8125
3815,-3.125
3816,-1.25
3817,-0.0
3818,-0.0
3819,-4.0625
3820,-0.0
3821,-3.125
3822,-3.4375
3823,-2.8125
3824,-1.875
3825,-2.1875
3826,-3.125
3827,-3.125
3828,-1.5625
3829,-2.5
3830,-1.875
3831,-3.125
3832,-2.8125
3833,-4.6875
3834,-3.4375
3835,-3.125
3836,-2.1875
3837,-3.125
3838,-3.75
3839,-5.3125
3840,-2.8125
3841,-1.875
3842,-2.5
3843,-1.5625
3844,-2.1875
3845,-2.8125
3846,-3.75
3847,-3.125
3848,-2.8125
3849,-3.4375
3850,-2.5
3851,-3.125
3852,-3.75
3853,-3.125
3854,-3.75
3855,-2.5
3856,-1.875
3857,-3.125
3858,-2.8125
3859,-3.125
3860,-2.1875
3861,-3.4375
3862,-3.75
3863,-3.125
3864,-4.375
3865,-3.4375
3866,-2.8125
3867,-0.0
3868,-2.5
3869,-1.5625
3870,-3.4375
3871,-3.4375
3872,-3.125
3873,-2.5
3874,-4.0625
3875,-3.4375
3876,-2.5
3877,-3.4375
3878,-1.875
3879,-1.875
3880,-2.8125
3881,-2.5
3882,-3.4375
3883,-2.5
3884,-0.0
3885,-2.5
3886,-3.75
3887,-4.0625
3888,-3.125
3889,-2.8125
3890,-2.8125
3891,-3.4375
3892,-0.0
3893,-3.4375
3894,-2.8125
3895,-4.0625
3896,-5.3125
3897,-1.875
3898,-2.5
3899,-1.875
3900,-2.5
3901,-1.5625
3902,-0.9375
3903,-0.0
3904,-5.0
3905,-2.8125
3906,-0.0
3907,-3.4375
3908,-3.4375
3909,-2.1875
3910,-2.8125
3911,-2.8125
3912,-2.1875
3913,-0.0
3914,-3.4375
3915,-5.625
3916,-3.4375
3917,-2.5
3918,-2.8125
3919,-1.875
3920,-3.125
3921,-3.125
3922,-3.4375
3923,-3.75
3924,-2.8125
3925,-3.4375
3926,-2.5
3927,-3.125
3928,-1.875
3929,-2.5
3930,-3.125
3931,-5.3125
3932,-1.25
3933,-2.1875
3934,-3.125
3935,-1.25
3936,-3.4375
3937,-2.1875
3938,-1.875
3939,-5.0
3940,-1.875
3941,-1.25
3942,-5.0
3943,-4.375
3944,-1.25
3945,-1.875
3946,-4.0625
3947,-3.125
3948,-2.5
3949,-2.1875
3950,-0.0
3951,-3.4375
3952,-2.8125
3953,-2.8125
3954,-5.625
3955,-4.0625
3956,-3.125
3957,-3.125
3958,-2.1875
3959,-4.0625
3960,-2.8125
3961,-1.25
3962,-2.5
3963,-0.0
3964,-1.5625
3965,-2.5
3966,-4.375
3967,-0.0
3968,-2.5
3969,-3.75
3970,-4.6875
3971,-4.0625
3972,-3.4375
3973,-1.5625
3974,-0.0
3975,-0.0
3976,-1.875
3977,-0.3125
3978,-0.0
3979,-2.8125
3980,-0.0
3981,-10.0
3982,-3.125
3983,-2.5
3984,-2.1875
3985,-0.0
3986,-5.3125
3987,-0.0
3988,-2.8125
3989,-4.375
3990,-2.8125
3991,-1.5625
3992,-1.5625
3993,-1.25
3994,-2.5
3995,-4.0625
3996,-3.125
3997,-3.75
3998,-2.1875
3999,-3.125
4000,-5.3125
4001,-2.1875
4002,-2.8125
4003,-4.0625
4004,-1.5625
4005,-2.1875
4006,-5.3125
4007,-1.25
4008,-2.1875
4009,-0.0
4010,-4.6875
4011,-0.0
4012,-2.5
4013,-2.8125
4014,-2.5
4015,-2.1875
4016,-0.0
4017,-2.5
4018,-3.125
4019,-2.8125
4020,-2.5
4021,-3.125
4022,-3.125
4023,-3.4375
4024,-0.0
4025,-2.1875
4026,-1.5625
4027,-3.125
4028,-0.0
4029,-6.875
4030,-4.6875
4031,-1.875
4032,-0.625
4033,-1.5625
4034,-10.625
4035,-3.75
4036,-3.125
4037,-3.4375
4038,-2.8125
4039,-3.4375
4040,-0.9375
4041,-3.4375
4042,-3.125
4043,-0.0
4044,-2.5
4045,-0.0
4046,-2.8125
4047,-2.5
4048,-0.0
4049,-2.1875
4050,-1.25
4051,-3.75
4052,-5.3125
4053,-3.125
4054,-3.75
4055,-2.5
4056,-2.8125
4057,-3.75
4058,-1.5625
4059,-0.0
4060,-3.4375
4061,-4.6875
4062,-1.875
4063,-0.0
4064,-3.4375
4065,-4.0625
4066,-5.9375
4067,-1.875
4068,-3.4375
4069,-3.125
4070,-4.6875
4071,-2.5
4072,-2.8125
4073,-1.875
4074,-2.1875
4075,-4.375
4076,-1.875
4077,-2.1875
4078,-3.4375
4079,-3.4375
4080,-3.75
4081,-0.0
4082,-3.125
4083,-3.125
4084,-3.4375
4085,-4.375
4086,-2.1875
4087,-3.4375
4088,-2.5
4089,-2.1875
4090,-1.875
4091,-3.4375
4092,-3.4375
4093,-2.1875
4094,-2.8125
4095,-3.4375
4096,-1.875
4097,-0.0
4098,-3.75
4099,-9.375
4100,-2.5
4101,-2.5
4102,-3.75
4103,-2.8125
4104,-0.9375
4105,-3.75
4106,-0.0
4107,-9.0625
4108,-1.25
4109,-3.125
4110,-2.8125
4111,-2.5
4112,-0.0
4113,-2.8125
4114,-1.875
4115,-6.25
4116,-4.0625
4117,-3.4375
4118,-2.8125
4119,-1.25
4120,-3.125
4121,-0.0
4122,-3.125
4123,-3.75
4124,-4.0625
4125,-3.4375
4126,-0.625
4127,-2.5
4128,-2.8125
4129,-3.125
4130,-0.0
4131,-2.5
4132,-4.375
4133,-0.0
4134,-3.75
4135,-3.4375
4136,-2.1875
4137,-2.1875
4138,-0.0
4139,-2.1875
4140,-2.8125
4141,-3.125
4142,-1.5625
4143,-9.0625
4144,-3.125
4145,-2.1875
4146,-1.25
4147,-3.125
4148,-3.125
4149,-0.0
4150,-2.5
4151,-2.8125
4152,-3.4375
4153,-3.75
4154,-3.75
4155,-2.5
4156,-3.125
4157,-0.0
4158,-3.125
4159,-3.4375
4160,-1.5625
4161,-5.0
4162,-1.25
4163,-5.0
4164,-1.875
4165,-3.125
4166,-2.5
4167,-3.125
4168,-2.5
4169,-1.875
4170,-0.0
4171,-1.875
4172,-3.125
4173,-4.6875
4174,-0.0
4175,-4.0625
4176,-1.5625
4177,-3.125
4178,-3.75
4179,-3.125
4180,-0.0
4181,-3.125
4182,-3.4375
4183,-1.875
4184,-5.0
4185,-3.125
4186,-0.0
4187,-1.5625
4188,-2.8125
4189,-2.5
4190,-5.625
4191,-2.5
4192,-2.1875
4193,-2.1875
4194,-2.8125
4195,-3.125
4196,-1.875
4197,-3.125
4198,-2.8125
4199,-3.125
4200,-1.875
4201,-1.5625
4202,-1.875
4203,-2.5
4204,-0.0
4205,-1.25
4206,-3.125
4207,-2.5
4208,-4.0625
4209,-4.0625
4210,-2.8125
4211,-0.0
4212,-2.1875
4213,-2.8125
4214,-1.5625
4215,-0.3125
4216,-3.125
4217,-0.3125
4218,-2.8125
4219,-6.25
4220,-6.5625
4221,-3.125
4222,-2.8125
4223,-2.1875
4224,-2.5
4225,-3.125
4226,-3.125
4227,-1.5625
4228,-3.125
4229,-2.5
4230,-2.8125
4231,-0.0
4232,-1.875
4233,-2.1875
4234,-2.1875
4235,-3.4375
4236,-3.125
4237,-3.4375
4238,-1.875
4239,-2.1875
4240,-2.8125
4241,-0.0
4242,-4.375
4243,-2.1875
4244,-2.5
4245,-2.8125
4246,-2.8125
4247,-1.875
4248,-2.8125
4249,-0.0
4250,-1.875
4251,-0.0
4252,-3.125
4253,-4.6875
4254,-2.5
4255,-3.4375
4256,-2.5
4257,-1.5625
4258,-2.1875
4259,-1.875
4260,-2.8125
4261,-0.0
4262,-3.4375
4263,-3.75
4264,-5.3125
4265,-2.5
4266,-2.5
4267,-2.5
4268,-3.75
4269,-2.8125
4270,-3.125
4271,-3.125
4272,-2.5
4273,-1.25
4274,-3.75
4275,-0.9375
4276,-1.5625
4277,-0.0
4278,-2.5
4279,-2.5
4280,-6.5625
4281,-3.4375
4282,-1.875
4283,-3.125
4284,-1.25
4285,-1.5625
4286,-2.5
4287,-2.5
4288,-1.5625
4289,-1.5625
4290,-0.0
4291,-2.5
4292,-1.5625
4293,-1.875
4294,-1.875
4295,-2.1875
4296,-4.0625
4297,-0.0
4298,-1.5625
4299,-3.4375
4300,-3.4375
4301,-0.0
4302,-0.0
4303,-0.0
4304,-0.0
4305,-5.9375
4306,-6.25
4307,-0.0
4308,-1.5625
4309,-1.875
4310,-2.5
4311,-2.5
4312,-3.75
4313,-3.75
4314,-6.5625
4315,-3.4375
4316,-1.875
4317,-2.8125
4318,-1.5625
4319,-2.5
4320,-2.5
4321,-2.1875
4322,-1.875
4323,-1.875
4324,-3.125
4325,-1.875
4326,-0.0
4327,-3.4375
4328,-1.5625
4329,-0.0
4330,-0.0
4331,-1.875
4332,-3.4375
4333,-3.125
4334,-2.1875
4335,-2.8125
4336,-3.125
4337,-2.8125
4338,-4.0625
4339,-3.4375
4340,-2.1875
4341,-1.875
4342,-3.75
4343,-1.5625
4344,-0.0
4345,-0.0
4346,-2.5
4347,-2.8125
4348,-0.0
4349,-6.25
4350,-0.0
4351,-2.5
4352,-2.8125
4353,-2.1875
4354,-2.5
4355,-2.5
4356,-0.0
4357,-2.5
4358,-2.8125
4359,-5.0
4360,-2.5
4361,-1.5625
4362,-0.0
4363,-1.875
4364,-4.6875
4365,-1.875
4366,-3.125
4367,-1.875
4368,-1.5625
4369,-2.5
4370,-2.8125
4371,-3.125
4372,-2.1875
4373,-2.5
4374,-0.0
4375,-1.875
4376,-3.125
4377,-3.75
4378,-0.0
4379,-1.875
4380,-2.5
4381,-1.875
4382,-2.8125
4383,-3.4375
4384,-0.9375
4385,-3.4375
4386,-2.5
4387,-1.25
4388,-0.0
4389,-2.8125
4390,-0.0
4391,-2.8125
4392,-2.8125
4393,-3.4375
4394,-0.0
4395,-2.8125
4396,-3.125
4397,-1.5625
4398,-0.0
4399,-3.4375
4400,-7.5
4401,-1.875
4402,-3.4375
4403,-1.875
4404,-1.875
4405,-0.0
4406,-1.5625
4407,-2.1875
4408,-3.4375
4409,-0.0
4410,-3.125
4411,-0.0
4412,-1.875
4413,-1.875
4414,-2.1875
4415,-4.0625
4416,-3.125
4417,-1.25
4418,-2.1875
4419,-3.125
4420,-1.5625
4421,-1.5625
4422,-3.125
4423,-0.3125
4424,-2.8125
4425,-2.1875
4426,-0.0
4427,-0.0
4428,-3.125
4429,-2.5
4430,-1.875
4431,-0.0
4432,-2.5
4433,-1.875
4434,-3.4375
4435,-2.1875
4436,-2.5
4437,-2.8125
4438,-2.8125
4439,-1.5625
4440,-0.0
4441,-1.5625
4442,-0.0
4443,-0.0
4444,-5.0
4445,-1.875
4446,-3.125
4447,-2.8125
4448,-2.8125
4449,-0.0
4450,-3.4375
4451,-0.0
4452,-1.25
4453,-3.4375
4454,-9.0625
4455,-2.1875
4456,-2.8125
4457,-2.1875
4458,-2.5
4459,-0.0
4460,-2.8125
4461,-2.5
4462,-1.25
4463,-0.0
4464,-2.8125
4465,-5.0
4466,-0.9375
4467,-0.0
4468,-3.125
4469,-1.875
4470,-2.8125
4471,-3.125
4472,-2.5
4473,-3.4375
4474,-1.5625
4475,-2.5
4476,-1.875
4477,-2.5
4478,-2.5
4479,-2.8125
4480,-3.125
4481,-2.8125
4482,-0.0
4483,-0.3125
4484,-2.5
4485,-3.125
4486,-3.75
4487,-0.0
4488,-2.1875
4489,-2.1875
4490,-0.0
4491,-2.5
4492,-2.8125
4493,-2.8125
4494,-2.1875
4495,-1.875
4496,-2.5
4497,-3.75
4498,-2.1875
4499,-2.5
4500,-0.0
4501,-3.125
4502,-2.5
4503,-2.8125
4504,-0.0
4505,-0.0
4506,-1.875
4507,-3.4375
4508,-2.5
4509,-3.4375
4510,-2.5
4511,-2.1875
4512,-3.4375
4513,-3.4375
4514,-2.1875
4515,-0.0
4516,-2.8125
4517,-3.4375
4518,-4.375
4519,-0.0
4520,-1.25
4521,-0.0
4522,-4.375
4523,-3.4375
4524,-1.5625
4525,-6.5625
4526,-2.1875
4527,-1.875
4528,-1.25
4529,-2.8125
4530,-1.875
4531,-2.1875
4532,-0.625
4533,-4.0625
4534,-3.75
4535,-2.1875
4536,-2.1875
4537,-2.5
4538,-3.4375
4539,-2.8125
4540,-2.8125
4541,-1.875
4542,-2.5
4543,-2.1875
4544,-2.1875
4545,-0.0
4546,-0.0
4547,-2.5
4548,-2.8125
4549,-2.5
4550,-3.125
4551,-2.1875
4552,-1.875
4553,-0.0
4554,-2.8125
4555,-0.0
4556,-0.0
4557,-3.125
4558,-2.8125
4559,-3.125
4560,-2.5
4561,-2.5
4562,-2.8125
4563,-1.5625
4564,-3.75
4565,-3.75
4566,-0.0
4567,-2.1875
4568,-0.0
4569,-1.875
4570,-3.4375
4571,-2.1875
4572,-4.0625
4573,-3.125
4574,-3.125
4575,-0.0
4576,-2.8125
4577,-2.8125
4578,-3.125
4579,-3.4375
4580,-2.1875
4581,-2.5
4582,-2.8125
4583,-3.125
4584,-0.0
4585,-2.1875
4586,-1.875
4587,-2.1875
4588,-3.4375
4589,-3.4375
4590,-1.875
4591,-1.875
4592,-2.8125
4593,-2.8125
4594,-0.0
4595,-2.5
4596,-3.4375
4597,-4.375
4598,-2.1875
4599,-1.875
4600,-2.1875
4601,-3.75
4602,-2.1875
4603,-2.5
4604,-2.5
4605,-1.875
4606,-1.875
4607,-2.8125
4608,-2.5
4609,-2.8125
4610,-2.8125
4611,-3.125
4612,-2.1875
4613,-3.125
4614,-3.4375
4615,-1.5625
4616,-2.8125
4617,-2.5
4618,-2.5
4619,-2.1875
4620,-2.5
4621,-3.4375
4622,-2.8125
4623,-2.5
4624,-0.0
4625,-3.125
4626,-0.0
4627,-1.875
4628,-2.1875
4629,-2.1875
4630,-2.1875
4631,-1.25
4632,-2.1875
4633,-3.4375
4634,-2.8125
4635,-0.0
4636,-0.0
4637,-2.5
4638,-2.1875
4639,-2.8125
4640,-0.0
4641,-1.25
4642,-1.875
4643,-1.875
4644,-2.5
4645,-1.875
4646,-4.6875
4647,-2.5
4648,-3.4375
4649,-0.0
4650,-3.125
4651,-2.5
4652,-2.1875
4653,-4.0625
4654,-2.1875
4655,-1.875
4656,-2.1875
4657,-2.8125
4658,-2.8125
4659,-4.6875
4660,-3.75
4661,-2.5
4662,-2.5
4663,-0.0
4664,-0.0
4665,-0.0
4666,-0.0
4667,-2.5
4668,-4.0625
4669,-3.125
4670,-0.0
4671,-2.8125
4672,-1.5625
4673,-3.125
4674,-0.625
4675,-3.4375
4676,-2.8125
4677,-1.5625
4678,-3.4375
4679,-1.5625
4680,-2.8125
4681,-3.125
4682,-1.875
4683,-2.8125
4684,-0.0
4685,-1.25
4686,-4.0625
4687,-2.1875
4688,-0.0
4689,-2.5
4690,-4.6875
4691,-2.5
4692,-0.0
4693,-3.125
4694,-2.1875
4695,-2.1875
4696,-2.5
4697,-1.875
4698,-2.5
4699,-2.1875
4700,-3.125
4701,-2.5
4702,-1.5625
4703,-0.3125
4704,-2.5
4705,-1.875
4706,-4.375
4707,-2.5
4708,-2.5
4709,-3.75
4710,-1.875
4711,-0.9375
4712,-2.5
4713,-1.5625
4714,-0.0
4715,-0.0
4716,-1.5625
4717,-1.5625
4718,-3.75
4719,-4.0625
4720,-1.5625
4721,-4.0625
4722,-1.5625
4723,-1.875
4724,-0.0
4725,-1.875
4726,-3.125
4727,-3.125
4728,-3.75
4729,-3.4375
4730,-0.625
4731,-2.1875
4732,-1.25
4733,-3.125
4734,-1.5625
4735,-3.125
4736,-1.875
4737,-2.5
4738,-2.8125
4739,-1.5625
4740,-1.25
4741,-2.8125
4742,-2.5
4743,-2.1875
4744,-2.1875
4745,-0.0
4746,-2.8125
4747,-4.375
4748,-1.5625
4749,-0.0
4750,-4.375
4751,-1.5625
4752,-2.1875
4753,-3.125
4754,-1.875
4755,-1.875
4756,-2.8125
4757,-2.8125
4758,-2.5
4759,-2.5
4760,-3.75
4761,-2.8125
4762,-2.5
4763,-2.1875
4764,-1.875
4765,-4.0625
4766,-2.8125
4767,-1.875
4768,-1.875
4769,-1.25
4770,-3.4375
4771,-1.875
4772,-0.9375
4773,-1.5625
4774,-3.4375
4775,-0.0
4776,-2.5
4777,-2.8125
4778,-3.125
4779,-2.1875
4780,-1.5625
4781,-2.1875
4782,-0.0
4783,-2.5
4784,-9.0625
4785,-2.5
4786,-2.5
4787,-2.5
4788,-1.5625
4789,-2.5
4790,-2.8125
4791,-2.1875
4792,-0.0
4793,-1.875
4794,-4.0625
4795,-2.1875
4796,-3.4375
4797,-1.5625
4798,-2.8125
4799,-1.875
4800,-1.5625
4801,-3.125
4802,-1.875
4803,-3.75
4804,-3.75
4805,-2.1875
4806,-3.75
4807,-1.5625
4808,-2.1875
4809,-1.875
4810,-2.5
4811,-3.75
4812,-3.4375
4813,-3.125
4814,-3.4375
4815,-2.5
4816,-1.875
4817,-1.5625
4818,-3.125
4819,-2.1875
4820,-3.4375
4821,-1.875
4822,-2.1875
4823,-2.5
4824,-1.5625
4825,-3.4375
4826,-3.75
4827,-0.0
4828,-1.875
4829,-4.6875
4830,-2.8125
4831,-0.0
4832,-0.9375
4833,-3.125
4834,-2.5
4835,-1.5625
4836,-2.1875
4837,-1.875
4838,-1.875
4839,-1.875
4840,-4.6875
4841,-3.75
4842,-3.4375
4843,-1.875
4844,-0.0
4845,-1.875
4846,-4.6875
4847,-3.125
4848,-2.5
4849,-1.875
4850,-1.875
4851,-2.8125
4852,-3.125
4853,-3.125
4854,-0.0
4855,-2.5
4856,-3.125
4857,-2.8125
4858,-0.0
4859,-2.8125
4860,-2.5
4861,-0.0
4862,-0.0
4863,-3.4375
4864,-5.0
4865,-2.8125
4866,-0.0
4867,-1.875
4868,-5.0
4869,-2.5
4870,-0.9375
4871,-1.5625
4872,-1.25
4873,-2.1875
4874,-3.125
4875,-0.625
4876,-2.1875
4877,-3.125
4878,-0.0
4879,-0.0
4880,-2.8125
4881,-5.9375
4882,-2.5
4883,-0.0
4884,-3.75
4885,-0.0
4886,-2.5
4887,-2.8125
4888,-0.0
4889,-0.0
4890,-5.625
4891,-0.0
4892,-3.75
4893,-1.875
4894,-1.875
4895,-0.0
4896,-2.1875
4897,-1.875
4898,-3.125
4899,-2.1875
4900,-3.125
4901,-2.8125
4902,-2.5
4903,-1.875
4904,-2.5
4905,-3.4375
4906,-1.875
4907,-1.25
4908,-0.0
4909,-3.125
4910,-3.4375
4911,-6.25
4912,-0.0
4913,-0.0
4914,-2.1875
4915,-3.4375
4916,-2.1875
4917,-0.0
4918,-3.125
4919,-2.8125
4920,-5.3125
4921,-0.0
4922,-0.0
4923,-1.875
4924,-2.5
4925,-5.3125
4926,-2.8125
4927,-0.0
4928,-2.5
4929,-3.4375
4930,-0.9375
4931,-2.1875
4932,-0.0
4933,-1.5625
4934,-0.0
4935,-3.125
4936,-4.0625
4937,-1.875
4938,-5.9375
4939,-0.0
4940,-3.75
4941,-0.0
4942,-0.625
4943,-7.1875
4944,-3.75
4945,-4.6875
4946,-1.5625
4947,-1.5625
4948,-0.9375
4949,-4.375
4950,-1.875
4951,-0.0
4952,-4.0625
4953,-2.8125
4954,-4.375
4955,-0.0
4956,-2.5
4957,-1.875
4958,-4.6875
4959,-2.5
4960,-0.0
4961,-0.0
4962,-2.5
4963,-0.0
4964,-3.4375
4965,-4.375
4966,-3.4375
4967,-1.875
4968,-2.5
4969,-6.25
4970,-3.125
4971,-0.0
4972,-1.875
4973,-3.125
4974,-2.5
4975,-2.8125
4976,-0.0
4977,-3.125
4978,-2.8125
4979,-2.8125
4980,-2.8125
4981,-2.1875
4982,-2.1875
4983,-5.9375
4984,-1.875
4985,-1.25
4986,-3.125
4987,-3.125
4988,-2.5
4989,-3.125
4990,-1.5625
4991,-2.1875
4992,-2.5
4993,-1.875
4994,-1.875
4995,-2.8125
4996,-2.1875
4997,-3.125
4998,-2.5
4999,-1.875
5000,-3.125
5001,-2.5
5002,-5.0
5003,-1.875
5004,-3.125
5005,-2.5
5006,-3.4375
5007,-2.1875
5008,-2.8125
5009,-2.5
5010,-2.5
5011,-0.0
5012,-3.125
5013,-2.5
5014,-2.1875
5015,-3.75
5016,-3.125
5017,-2.5
5018,-2.5
5019,-1.5625
5020,-3.125
5021,-2.1875
5022,-3.125
5023,-2.1875
5024,-3.125
5025,-1.875
5026,-2.1875
5027,-2.5
5028,-2.1875
5029,-3.75
5030,-0.0
5031,-2.5
5032,-4.375
5033,-1.875
5034,-2.8125
5035,-3.125
5036,-1.875
5037,-2.5
5038,-2.8125
5039,-3.75
5040,-2.5
5041,-2.1875
5042,-2.5
5043,-2.5
5044,-2.1875
5045,-4.0625
5046,-0.0
5047,-3.4375
5048,-5.3125
5049,-2.5
5050,-3.125
5051,-3.125
5052,-0.0
5053,-2.1875
5054,-2.5
5055,-1.875
5056,-1.875
5057,-0.0
5058,-1.25
5059,-3.4375
5060,-3.125
5061,-4.0625
5062,-2.5
5063,-0.0
5064,-2.5
5065,-1.875
5066,-3.4375
5067,-2.8125
5068,-2.8125
5069,-1.875
5070,-2.1875
5071,-3.75
5072,-1.5625
5073,-2.5
5074,-1.5625
5075,-4.0625
5076,-2.5
5077,-0.625
5078,-1.25
5079,-1.875
5080,-3.75
5081,-0.0
5082,-1.875
5083,-2.8125
5084,-2.1875
5085,-3.125
5086,-3.125
5087,-2.5
5088,-3.125
5089,-2.5
5090,-2.1875
5091,-1.5625
5092,-2.5
5093,-2.1875
5094,-1.875
5095,-0.9375
5096,-2.8125
5097,-3.125
5098,-4.375
5099,-1.875
5100,-2.1875
5101,-1.5625
5102,-2.8125
5103,-2.8125
5104,-1.5625
5105,-2.5
5106,-2.8125
5107,-3.125
5108,-2.5
5109,-1.875
5110,-3.125
5111,-1.875
5112,-2.5
5113,-3.125
5114,-2.5
5115,-2.8125
5116,-2.5
5117,-2.5
5118,-1.5625
5119,-1.875
5120,-3.4375
5121,-2.8125
5122,-3.125
5123,-2.8125
5124,-2.1875
5125,-2.1875
5126,-3.125
5127,-2.8125
5128,-3.125
5129,-2.8125
5130,-3.75
5131,-0.0
5132,-2.5
5133,-0.0
5134,-0.0
5135,-0.0
5136,-2.8125
5137,-8.125
5138,-0.0
5139,-5.0
5140,-2.1875
5141,-2.5
5142,-3.125
5143,-3.125
5144,-1.5625
5145,-1.25
5146,-0.0
5147,-2.5
5148,-2.1875
5149,-2.5
5150,-3.4375
5151,-2.8125
5152,-1.5625
5153,-2.1875
5154,-2.5
5155,-2.5
5156,-2.1875
5157,-4.0625
5158,-3.125
5159,-2.8125
5160,-2.5
5161,-1.25
5162,-0.0
5163,-2.8125
5164,-3.4375
5165,-6.875
5166,-0.0
5167,-2.1875
5168,-1.5625
5169,-0.3125
5170,-1.5625
5171,-0.0
5172,-1.5625
5173,-2.5
5174,-3.125
5175,-2.8125
5176,-2.5
5177,-4.0625
5178,-1.875
5179,-2.8125
5180,-1.5625
5181,-0.0
5182,-0.9375
5183,-2.1875
5184,-2.1875
5185,-3.4375
5186,-3.4375
5187,-3.75
5188,-0.0
5189,-1.25
5190,-0.0
5191,-4.375
5192,-1.5625
5193,-1.875
5194,-2.1875
5195,-5.0
5196,-0.0
5197,-5.625
5198,-1.5625
5199,-2.1875
5200,-2.1875
5201,-1.875
5202,-3.125
5203,-0.0
5204,-3.4375
5205,-0.0
5206,-2.8125
5207,-1.25
5208,-5.0
5209,-3.4375
5210,-2.1875
5211,-0.9375
5212,-3.125
5213,-1.25
5214,-1.875
5215,-0.0
5216,-4.0625
5217,-0.0
5218,-3.4375
5219,-2.1875
5220,-2.8125
5221,-5.0
5222,-1.875
5223,-1.5625
5224,-0.0
5225,-3.125
5226,-2.1875
5227,-1.5625
5228,-2.8125
5229,-1.875
5230,-2.1875
5231,-3.4375
5232,-3.125
5233,-1.875
5234,-2.1875
5235,-1.25
5236,-2.8125
5237,-2.8125
5238,-3.125
5239,-1.5625
5240,-2.1875
5241,-1.875
5242,-2.5
5243,-3.4375
5244,-4.0625
5245,-2.1875
5246,-1.25
5247,-0.0
5248,-4.375
5249,-3.4375
5250,-2.5
5251,-1.875
5252,-1.5625
5253,-2.5
5254,-3.75
5255,-2.5
5256,-2.5
5257,-2.8125
5258,-2.1875
5259,-2.5
5260,-3.125
5261,-1.875
5262,-0.0
5263,-1.875
5264,-3.4375
5265,-1.5625
5266,-0.0
5267,-1.5625
5268,-2.8125
5269,-2.1875
5270,-0.0
5271,-0.0
5272,-1.5625
5273,-1.5625
5274,-5.3125
5275,-3.125
5276,-1.25
5277,-1.875
5278,-2.8125
5279,-3.4375
5280,-2.1875
5281,-3.125
5282,-2.1875
5283,-2.1875
5284,-2.5
5285,-0.0
5286,-2.1875
5287,-3.125
5288,-2.5
5289,-1.25
5290,-3.125
5291,-4.0625
5292,-2.5
5293,-0.0
5294,-5.0
5295,-0.0
5296,-0.0
5297,-4.6875
5298,-0.0
5299,-2.5
5300,-2.1875
5301,-2.1875
5302,-2.8125
5303,-0.9375
